index	accession	genome	antigen_class	antigen	cell_type_class	cell_type
0	ERX101804	dm3	TFs and others	mof	Larvae	Salivary glands
1	ERX101806	dm3	TFs and others	mof	Larvae	Salivary glands
2	ERX101807	dm3	Histone	H4K16ac	Larvae	Salivary glands
3	ERX101808	dm3	Histone	H4K16ac	Larvae	Salivary glands
4	ERX2145594	dm3	DNase-seq	DNase-Seq	Adult	Neurons
5	ERX2145595	dm3	DNase-seq	DNase-Seq	Embryo	Embryos
6	ERX2145596	dm3	DNase-seq	DNase-Seq	Embryo	Myogenic mesoderm
7	SRX011651	dm3	TFs and others	msl-3	Larvae	Larvae
8	SRX013003	dm3	Histone	H3K4me3	Embryo	0-4h embryos
9	SRX013005	dm3	Histone	H3K4me3	Embryo	16-20h embryos
10	SRX013007	dm3	Histone	H3K4me3	Larvae	3rd instar
11	SRX013009	dm3	Histone	H3K4me3	Larvae	1st instar
12	SRX013011	dm3	Histone	H3K4me3	Pupae	Pupae
13	SRX013015	dm3	Histone	H3K4me3	Larvae	2nd instar
14	SRX013017	dm3	Histone	H3K4me3	Adult	Adult female
15	SRX013019	dm3	Histone	H3K4me3	Embryo	20-24h embryos
16	SRX013021	dm3	Histone	H3K4me3	Embryo	4-8h embryos
17	SRX013023	dm3	Histone	H3K27ac	Embryo	16-20h embryos
18	SRX013024	dm3	Histone	H3K9ac	Embryo	16-20h embryos
19	SRX013025	dm3	Histone	H3K4me1	Embryo	16-20h embryos
20	SRX013026	dm3	Histone	H3K27ac	Embryo	4-8h embryos
21	SRX013027	dm3	Histone	H3K9ac	Embryo	4-8h embryos
22	SRX013029	dm3	Histone	H3K27ac	Embryo	0-4h embryos
23	SRX013030	dm3	Histone	H3K9ac	Embryo	0-4h embryos
24	SRX013034	dm3	Histone	H3K27ac	Adult	Adult female
25	SRX013035	dm3	Histone	H3K27ac	Pupae	Pupae
26	SRX013036	dm3	Histone	H3K9ac	Pupae	Pupae
27	SRX013038	dm3	Histone	H3K27ac	Larvae	3rd instar
28	SRX013039	dm3	Histone	H3K9ac	Larvae	3rd instar
29	SRX013042	dm3	Histone	H3K9ac	Larvae	2nd instar
30	SRX013044	dm3	Histone	H3K9ac	Larvae	1st instar
31	SRX013045	dm3	Histone	H3K27ac	Embryo	20-24h embryos
32	SRX013046	dm3	Histone	H3K9ac	Embryo	20-24h embryos
33	SRX013061	dm3	RNA polymerase	RNA polymerase II	Embryo	4-8h embryos
34	SRX013063	dm3	Histone	H3K4me3	Embryo	12-16h embryos
35	SRX013064	dm3	Histone	H3K27ac	Larvae	1st instar
36	SRX013065	dm3	Histone	H3K27ac	Embryo	12-16h embryos
37	SRX013066	dm3	Histone	H3K27ac	Embryo	8-12h embryos
38	SRX013067	dm3	TFs and others	CBP	Embryo	16-20h embryos
39	SRX013068	dm3	Histone	H3K4me3	Embryo	8-12h embryos
40	SRX013069	dm3	RNA polymerase	RNA polymerase II	Pupae	Pupae
41	SRX013070	dm3	RNA polymerase	RNA polymerase II	Larvae	3rd instar
42	SRX013073	dm3	RNA polymerase	RNA polymerase II	Embryo	16-20h embryos
43	SRX013074	dm3	Histone	H3K4me1	Embryo	12-16h embryos
44	SRX013075	dm3	Histone	H3K9ac	Embryo	8-12h embryos
45	SRX013076	dm3	Histone	H3K4me1	Embryo	8-12h embryos
46	SRX013077	dm3	RNA polymerase	RNA polymerase II	Embryo	8-12h embryos
47	SRX013082	dm3	RNA polymerase	RNA polymerase II	Larvae	3rd instar
48	SRX013088	dm3	Histone	H3K27me3	Larvae	1st instar
49	SRX013090	dm3	Histone	H3K27me3	Embryo	16-20h embryos
50	SRX013092	dm3	Histone	H3K27me3	Embryo	8-12h embryos
51	SRX013093	dm3	Histone	H3K27me3	Embryo	4-8h embryos
52	SRX013096	dm3	Histone	H3K9me3	Larvae	2nd instar
53	SRX013099	dm3	Histone	H3K9me3	Embryo	16-20h embryos
54	SRX013100	dm3	Histone	H3K9me3	Embryo	12-16h embryos
55	SRX013101	dm3	Histone	H3K9me3	Embryo	8-12h embryos
56	SRX013102	dm3	Histone	H3K9me3	Embryo	4-8h embryos
57	SRX013104	dm3	Histone	H3K9ac	Embryo	12-16h embryos
58	SRX013107	dm3	RNA polymerase	RNA polymerase II	Embryo	12-16h embryos
59	SRX013112	dm3	Histone	H3K27ac	Larvae	2nd instar
60	SRX013115	dm3	TFs and others	CBP	Embryo	8-12h embryos
61	SRX015109	dm3	RNA polymerase	RpII33	Cell line	S2
62	SRX016142	dm3	TFs and others	HDAC4	Embryo	0-12h embryos
63	SRX016144	dm3	TFs and others	HDAC4	Embryo	0-12h embryos
64	SRX016145	dm3	TFs and others	HdacX	Embryo	0-12h embryos
65	SRX016146	dm3	TFs and others	HdacX	Embryo	0-12h embryos
66	SRX016147	dm3	TFs and others	HDAC6	Embryo	0-12h embryos
67	SRX016148	dm3	TFs and others	HDAC6	Embryo	0-12h embryos
68	SRX016149	dm3	TFs and others	Hdac3	Embryo	0-12h embryos
69	SRX016150	dm3	TFs and others	Hdac3	Embryo	0-12h embryos
70	SRX016151	dm3	TFs and others	Rpd3	Embryo	0-12h embryos
71	SRX016152	dm3	TFs and others	Rpd3	Embryo	0-12h embryos
72	SRX016153	dm3	TFs and others	cad	Embryo	0-4h embryos
73	SRX016158	dm3	TFs and others	CTCF	Cell line	S2
74	SRX016160	dm3	TFs and others	CTCF	Cell line	S2
75	SRX017462	dm3	TFs and others	Orc2	Cell line	S2-DRSC
76	SRX017463	dm3	TFs and others	Orc2	Cell line	S2-DRSC
77	SRX017465	dm3	TFs and others	Orc2	Cell line	ML-DmBG3-c2
78	SRX017466	dm3	TFs and others	Orc2	Cell line	ML-DmBG3-c2
79	SRX017468	dm3	TFs and others	Mcm2	Cell line	Kc167
80	SRX017469	dm3	TFs and others	Mcm2	Cell line	Kc167
81	SRX017471	dm3	TFs and others	Orc2	Cell line	Kc167
82	SRX017472	dm3	TFs and others	Orc2	Cell line	Kc167
83	SRX018160	dm3	TFs and others	Psc	Cell line	Kc
84	SRX018161	dm3	TFs and others	Psc	Cell line	Kc
85	SRX018162	dm3	TFs and others	Psc	Cell line	Kc
86	SRX019952	dm3	Histone	H2A.V	Cell line	S2
87	SRX019953	dm3	Histone	H2A.V	Cell line	S2
88	SRX019955	dm3	Histone	H2A.V	Cell line	S2
89	SRX019957	dm3	Histone	H2A.V	Cell line	S2
90	SRX019958	dm3	Histone	H2A.V	Cell line	S2
91	SRX022743	dm3	TFs and others	AGO2	Cell line	S2
92	SRX022745	dm3	TFs and others	AGO2	Cell line	S3
93	SRX025462	dm3	TFs and others	Sin3A	Embryo	0-12h embryos
94	SRX025472	dm3	TFs and others	Pcl	Embryo	0-8h embryos
95	SRX025474	dm3	TFs and others	disco	Embryo	0-8h embryos
96	SRX025478	dm3	TFs and others	Trl	Embryo	16-24h embryos
97	SRX025480	dm3	TFs and others	kni	Embryo	8-16h embryos
98	SRX025486	dm3	Histone	H3K4me3	Cell line	Kc
99	SRX025490	dm3	TFs and others	disco	Embryo	8-16h embryos
100	SRX026302	dm3	RNA polymerase	RpII33	Cell line	S2
101	SRX026738	dm3	TFs and others	ash2	Larvae	Imaginal wing disc
102	SRX026739	dm3	Histone	H3K4me3	Larvae	Imaginal wing disc
103	SRX026740	dm3	Histone	H3K27me3	Larvae	Imaginal wing disc
104	SRX026741	dm3	Histone	H3K36me3	Larvae	Imaginal wing disc
105	SRX026742	dm3	RNA polymerase	RNA polymerase II	Larvae	Imaginal wing disc
106	SRX026743	dm3	RNA polymerase	RNA polymerase II	Larvae	Imaginal wing disc
107	SRX026861	dm3	TFs and others	Dfd	Embryo	0-8h embryos
108	SRX026864	dm3	TFs and others	eve	Embryo	1-6h embryos
109	SRX026867	dm3	TFs and others	CG8478	Embryo	8-16h embryos
110	SRX027388	dm3	TFs and others	CTCF	Pupae	White prepupae
111	SRX027823	dm3	TFs and others	Pc	Cell line	S2-DRSC
112	SRX027824	dm3	TFs and others	Pc	Cell line	S2-DRSC
113	SRX027825	dm3	TFs and others	ph-d	Cell line	S2-DRSC
114	SRX027826	dm3	TFs and others	ph-d	Cell line	S2-DRSC
115	SRX027827	dm3	TFs and others	Psc	Cell line	S2-DRSC
116	SRX027828	dm3	TFs and others	Psc	Cell line	S2-DRSC
117	SRX027829	dm3	TFs and others	trx	Cell line	S2-DRSC
118	SRX027830	dm3	TFs and others	trx	Cell line	S2-DRSC
119	SRX027833	dm3	Histone	H3K4me3	Cell line	S2-DRSC
120	SRX030148	dm3	TFs and others	Trl	Embryo	0-8h embryos
121	SRX030151	dm3	TFs and others	CG8478	Embryo	16-24h embryos
122	SRX030963	dm3	TFs and others	EcR	Pupae	White prepupae
123	SRX032109	dm3	TFs and others	Hr39	Embryo	16-24h embryos
124	SRX032111	dm3	TFs and others	Trl	Embryo	8-16h embryos
125	SRX032113	dm3	TFs and others	Su(var)205	Embryo	16-24h embryos
126	SRX032114	dm3	TFs and others	Su(var)205	Embryo	16-24h embryos
127	SRX032118	dm3	TFs and others	trem	Adult	Adult female
128	SRX032120	dm3	TFs and others	D	Embryo	0-8h embryos
129	SRX032126	dm3	TFs and others	EcR	Pupae	White prepupae
130	SRX032127	dm3	TFs and others	EcR	Pupae	White prepupae
131	SRX040609	dm3	Histone	H3K4me3	Larvae	Imaginal wing disc
132	SRX040611	dm3	Histone	H3K4me3	Larvae	Imaginal wing disc
133	SRX040613	dm3	Histone	H3K4me3	Larvae	Imaginal wing disc
134	SRX040615	dm3	Histone	H3K4me3	Larvae	Imaginal wing disc
135	SRX041388	dm3	TFs and others	yki	Embryo	0-4h embryos
136	SRX041390	dm3	TFs and others	exd	Embryo	16-24h embryos
137	SRX041392	dm3	TFs and others	Trl	Pupae	White prepupae
138	SRX041396	dm3	Histone	H3K27me3	Pupae	White prepupae
139	SRX046654	dm3	TFs and others	su(Hw)	Cell line	S2
140	SRX046657	dm3	Histone	H3K36me3	Cell line	S2
141	SRX046658	dm3	TFs and others	su(Hw)	Cell line	S2
142	SRX050595	dm3	TFs and others	Mcm2	Cell line	S2-DRSC
143	SRX050597	dm3	TFs and others	Mcm2	Cell line	S2-DRSC
144	SRX050606	dm3	TFs and others	Orc2	Larvae	Salivary glands
145	SRX050608	dm3	TFs and others	Orc2	Larvae	Salivary glands
146	SRX054533	dm3	TFs and others	AGO2	Cell line	S2
147	SRX062281	dm3	TFs and others	l(3)mbt	Larvae	Imaginal brain wing leg disc
148	SRX062282	dm3	TFs and others	l(3)mbt	Larvae	Imaginal brain wing leg disc
149	SRX066246	dm3	RNA polymerase	RNA polymerase II	Embryo	Muscle cells
150	SRX084383	dm3	TFs and others	vfl	Embryo	Mitotic cycle 8-9
151	SRX084384	dm3	TFs and others	vfl	Embryo	Mitotic cycle 13-14
152	SRX084385	dm3	TFs and others	vfl	Embryo	Mitotic cycle 14
153	SRX084579	dm3	TFs and others	ash1	Cell line	S2-DRSC
154	SRX084580	dm3	TFs and others	ash1	Cell line	S2-DRSC
155	SRX084581	dm3	TFs and others	Lgr1	Cell line	S2-DRSC
156	SRX084582	dm3	TFs and others	Lgr1	Cell line	S2-DRSC
157	SRX085398	dm3	TFs and others	Cp190	Cell line	Kc167
158	SRX085399	dm3	TFs and others	Cp190	Cell line	Kc167
159	SRX085400	dm3	TFs and others	Cp190	Cell line	Kc167
160	SRX085401	dm3	TFs and others	su(Hw)	Cell line	Kc167
161	SRX085402	dm3	TFs and others	su(Hw)	Cell line	Kc167
162	SRX085403	dm3	TFs and others	su(Hw)	Cell line	Kc167
163	SRX085404	dm3	TFs and others	CTCF	Cell line	Kc167
164	SRX085405	dm3	TFs and others	CTCF	Cell line	Kc167
165	SRX085406	dm3	TFs and others	CTCF	Cell line	Kc167
166	SRX085407	dm3	TFs and others	BEAF-32	Cell line	Kc167
167	SRX085408	dm3	TFs and others	BEAF-32	Cell line	Kc167
168	SRX085409	dm3	TFs and others	BEAF-32	Cell line	Kc167
169	SRX089333	dm3	TFs and others	Hsp83	Cell line	S2-DRSC
170	SRX089334	dm3	TFs and others	Hsp83	Cell line	S2-DRSC
171	SRX097296	dm3	TFs and others	Orc2	Larvae	Salivary glands
172	SRX100248	dm3	TFs and others	Cp190	Cell line	Kc167
173	SRX100249	dm3	TFs and others	Cp190	Cell line	Kc167
174	SRX100250	dm3	TFs and others	CTCF	Cell line	Kc167
175	SRX100251	dm3	TFs and others	CTCF	Cell line	Kc167
176	SRX100252	dm3	TFs and others	BEAF-32	Cell line	Kc167
177	SRX100253	dm3	TFs and others	BEAF-32	Cell line	Kc167
178	SRX100254	dm3	TFs and others	su(Hw)	Cell line	Kc167
179	SRX101475	dm3	TFs and others	su(Hw)	Adult	Ovary
180	SRX101476	dm3	TFs and others	su(Hw)	Adult	Ovary
181	SRX101478	dm3	TFs and others	su(Hw)	Adult	Ovary
182	SRX101479	dm3	TFs and others	su(Hw)	Adult	Ovary
183	SRX101813	dm3	TFs and others	roX2	Cell line	S2-DRSC
184	SRX101814	dm3	TFs and others	roX2	Cell line	S2-DRSC
185	SRX1021234	dm3	TFs and others	shn	Cell line	Kc167
186	SRX1032387	dm3	Histone	H3K27me3	Embryo	2-4h embryos
187	SRX1032389	dm3	TFs and others	Mad	Embryo	2-4h embryos
188	SRX1032390	dm3	TFs and others	Mad	Embryo	2-4h embryos
189	SRX1032391	dm3	Histone	H3K27me3	Embryo	2-4h embryos
190	SRX1032392	dm3	Histone	H3K27me3	Embryo	2-4h embryos
191	SRX1032393	dm3	Histone	H3K27me3	Embryo	2-4h embryos
192	SRX1032394	dm3	Histone	H3K4me1	Embryo	2-4h embryos
193	SRX1032398	dm3	TFs and others	zen	Embryo	2-4h embryos
194	SRX1032399	dm3	TFs and others	zen	Embryo	2-4h embryos
195	SRX1032402	dm3	TFs and others	Trl	Embryo	2-4h embryos
196	SRX1032403	dm3	TFs and others	Pc	Embryo	2-4h embryos
197	SRX1032404	dm3	TFs and others	sna	Embryo	2-4h embryos
198	SRX1032406	dm3	TFs and others	dl	Embryo	2-4h embryos
199	SRX1032407	dm3	TFs and others	dl	Embryo	2-4h embryos
200	SRX1032408	dm3	Histone	H3K27ac	Embryo	2-4h embryos
201	SRX1032409	dm3	Histone	H3K27ac	Embryo	2-4h embryos
202	SRX1032410	dm3	Histone	H3K27me3	Embryo	2-4h embryos
203	SRX1032411	dm3	Histone	H3K27me3	Embryo	2-4h embryos
204	SRX1032412	dm3	Histone	H3K4me1	Embryo	2-4h embryos
205	SRX1032413	dm3	Histone	H3K4me1	Embryo	2-4h embryos
206	SRX1032414	dm3	TFs and others	twi	Embryo	2-4h embryos
207	SRX1032415	dm3	TFs and others	twi	Embryo	2-4h embryos
208	SRX104961	dm3	TFs and others	Jarid2	Larvae	3rd instar
209	SRX104962	dm3	TFs and others	Jarid2	Larvae	3rd instar
210	SRX104967	dm3	Histone	H3K27me3	Larvae	3rd instar
211	SRX104968	dm3	Histone	H3K27me3	Larvae	3rd instar
212	SRX104971	dm3	TFs and others	Jarid2	Larvae	3rd instar
213	SRX104972	dm3	TFs and others	Jarid2	Larvae	3rd instar
214	SRX104977	dm3	Histone	H3K27me3	Larvae	3rd instar
215	SRX104978	dm3	Histone	H3K27me3	Larvae	3rd instar
216	SRX1050602	dm3	TFs and others	Cdk12	Larvae	3rd instar
217	SRX1056712	dm3	TFs and others	Ubx	Cell line	Kc167
218	SRX1056713	dm3	TFs and others	Ubx	Cell line	Kc167
219	SRX1056714	dm3	TFs and others	Abd-B	Cell line	Kc167
220	SRX1056715	dm3	TFs and others	Abd-B	Cell line	Kc167
221	SRX1056716	dm3	TFs and others	Abd-B	Cell line	Kc167
222	SRX1056717	dm3	TFs and others	Abd-B	Cell line	Kc167
223	SRX1056720	dm3	TFs and others	Ubx	Cell line	Kc167
224	SRX1056721	dm3	TFs and others	Ubx	Cell line	Kc167
225	SRX1078884	dm3	RNA polymerase	RpII215	Cell line	S2
226	SRX1078885	dm3	RNA polymerase	RpII215	Cell line	S2
227	SRX1084165	dm3	TFs and others	lid	Adult	Adult female
228	SRX1085378	dm3	TFs and others	Trl	Larvae	Salivary glands
229	SRX1085380	dm3	RNA polymerase	RNA polymerase II	Larvae	Salivary glands
230	SRX1085381	dm3	RNA polymerase	RNA polymerase II	Larvae	Salivary glands
231	SRX1091588	dm3	TFs and others	Psc	Cell line	Cultured cell lines
232	SRX1091590	dm3	TFs and others	Psc	Cell line	Cultured cell lines
233	SRX1091592	dm3	TFs and others	Psc	Cell line	Cultured cell lines
234	SRX1091594	dm3	TFs and others	Psc	Cell line	Cultured cell lines
235	SRX109550	dm3	TFs and others	aop	Embryo	2h embryos
236	SRX110756	dm3	RNA polymerase	RNA polymerase II	Embryo	Neuronal cells
237	SRX110757	dm3	RNA polymerase	RNA polymerase II	Embryo	Muscle cells
238	SRX110758	dm3	RNA polymerase	RNA polymerase II	Embryo	Muscle cells
239	SRX110761	dm3	RNA polymerase	RNA polymerase II	Embryo	Muscle cells
240	SRX110762	dm3	RNA polymerase	RNA polymerase II	Embryo	Muscle cells
241	SRX110765	dm3	RNA polymerase	RNA polymerase II	Embryo	Muscle cells
242	SRX110766	dm3	RNA polymerase	RNA polymerase II	Embryo	Muscle cells
243	SRX110772	dm3	RNA polymerase	RNA polymerase II	Embryo	2-4h embryos
244	SRX110773	dm3	RNA polymerase	RNA polymerase II	Embryo	2-4h embryos
245	SRX110775	dm3	Histone	H3K27me3	Embryo	Neuronal cells
246	SRX110776	dm3	Histone	H3K27me3	Embryo	Muscle cells
247	SRX110777	dm3	Histone	H3K27me3	Embryo	Muscle cells
248	SRX110778	dm3	Histone	H3K27me3	Embryo	Muscle cells
249	SRX110780	dm3	Histone	H3K27me3	Embryo	2-4h embryos
250	SRX110783	dm3	Histone	H3K4me3	Embryo	Muscle cells
251	SRX1120688	dm3	Histone	H3K9me3	Adult	Ovary
252	SRX1120689	dm3	Histone	H3K9me3	Adult	Ovary
253	SRX1120690	dm3	Histone	H3K9me3	Adult	Ovary
254	SRX1120691	dm3	Histone	H3K9me3	Adult	Ovary
255	SRX1120692	dm3	Histone	H3K9me3	Adult	Ovary
256	SRX1120693	dm3	Histone	H3K9me3	Adult	Ovary
257	SRX1120695	dm3	Histone	H3K9me3	Adult	Ovary
258	SRX1167419	dm3	TFs and others	Su(var)205	Larvae	3rd instar
259	SRX1167420	dm3	TFs and others	Su(var)205	Larvae	3rd instar
260	SRX1179572	dm3	TFs and others	Etl1	Cell line	S2
261	SRX1179573	dm3	TFs and others	CBP	Cell line	S2
262	SRX127433	dm3	RNA polymerase	RNA polymerase II	Embryo	2-4h embryos
263	SRX127435	dm3	RNA polymerase	RNA polymerase II	Embryo	2-4h embryos
264	SRX127437	dm3	RNA polymerase	RNA polymerase II	Embryo	2-4h embryos
265	SRX128169	dm3	Histone	H3K4me1	Cell line	Kc167
266	SRX128170	dm3	Histone	H3K27ac	Cell line	Kc167
267	SRX128171	dm3	TFs and others	JIL-1	Cell line	Kc167
268	SRX128300	dm3	TFs and others	ash1	Cell line	S2
269	SRX128301	dm3	TFs and others	ash1	Cell line	S2
270	SRX128302	dm3	TFs and others	Lgr1	Cell line	S2
271	SRX128303	dm3	TFs and others	Lgr1	Cell line	S2
272	SRX128325	dm3	TFs and others	mod(mdg4)	Cell line	Kc167
273	SRX128326	dm3	TFs and others	mod(mdg4)	Cell line	Kc167
274	SRX128327	dm3	TFs and others	l(3)mbt	Cell line	Kc167
275	SRX1299923	dm3	TFs and others	BrdU	Cell line	Kc167
276	SRX1299924	dm3	TFs and others	BrdU	Cell line	Kc167
277	SRX1299926	dm3	TFs and others	BrdU	Cell line	Kc167
278	SRX1299931	dm3	TFs and others	BrdU	Cell line	Kc167
279	SRX1299932	dm3	TFs and others	BrdU	Cell line	Kc167
280	SRX1299933	dm3	TFs and others	BrdU	Cell line	Kc167
281	SRX1299934	dm3	TFs and others	BrdU	Cell line	Kc167
282	SRX1299935	dm3	TFs and others	BrdU	Cell line	Kc167
283	SRX1299936	dm3	TFs and others	BrdU	Cell line	Kc167
284	SRX1299937	dm3	Histone	H4K20me1	Cell line	Kc167
285	SRX1299938	dm3	Histone	H4K20me1	Cell line	Kc167
286	SRX1299941	dm3	Histone	H2A.V	Cell line	Kc167
287	SRX1299942	dm3	Histone	H2A.V	Cell line	Kc167
288	SRX1299944	dm3	Histone	H2A.V	Cell line	Kc167
289	SRX135530	dm3	Histone	H3K27me3	Adult	Octopaminergic neurons
290	SRX135531	dm3	Histone	H3K27me3	Adult	Octopaminergic neurons
291	SRX1361343	dm3	Histone	H3K9me3	Cell line	OSC
292	SRX1361345	dm3	Histone	H3K9me3	Cell line	OSC
293	SRX1361346	dm3	Histone	H3K9me3	Cell line	OSC
294	SRX1361347	dm3	Histone	H3K9me3	Cell line	OSC
295	SRX1361350	dm3	TFs and others	Su(var)205	Cell line	OSC
296	SRX1361352	dm3	TFs and others	Su(var)205	Cell line	OSC
297	SRX1361353	dm3	TFs and others	Su(var)205	Cell line	OSC
298	SRX1361354	dm3	RNA polymerase	RpII33	Cell line	OSC
299	SRX1361355	dm3	RNA polymerase	RpII33	Cell line	OSC
300	SRX1361356	dm3	RNA polymerase	RpII33	Cell line	OSC
301	SRX1361357	dm3	RNA polymerase	RpII33	Cell line	OSC
302	SRX1361358	dm3	RNA polymerase	RpII33	Cell line	OSC
303	SRX1361359	dm3	RNA polymerase	RpII33	Cell line	OSC
304	SRX1361360	dm3	RNA polymerase	RpII33	Cell line	OSC
305	SRX1433367	dm3	TFs and others	msl-2	Cell line	Kc167
306	SRX1433368	dm3	TFs and others	msl-2	Cell line	Kc167
307	SRX1433369	dm3	TFs and others	msl-2	Cell line	Kc167
308	SRX1433370	dm3	TFs and others	msl-2	Cell line	Kc167
309	SRX1433371	dm3	TFs and others	msl-2	Cell line	Kc167
310	SRX1433372	dm3	TFs and others	msl-2	Cell line	Kc167
311	SRX1433373	dm3	TFs and others	msl-2	Cell line	Kc167
312	SRX1433374	dm3	TFs and others	msl-2	Cell line	Kc167
313	SRX1433375	dm3	TFs and others	msl-2	Cell line	Kc167
314	SRX1433376	dm3	TFs and others	msl-2	Cell line	Kc167
315	SRX1433377	dm3	TFs and others	msl-2	Cell line	Kc167
316	SRX1433378	dm3	TFs and others	msl-2	Cell line	Kc167
317	SRX1433379	dm3	TFs and others	msl-2	Cell line	Kc167
318	SRX1433380	dm3	TFs and others	msl-2	Cell line	Kc167
319	SRX1433396	dm3	TFs and others	msl-2	Cell line	S2
320	SRX1433397	dm3	TFs and others	msl-2	Cell line	S2
321	SRX1433398	dm3	TFs and others	msl-2	Cell line	S2
322	SRX1433400	dm3	TFs and others	msl-2	Cell line	S2
323	SRX1433401	dm3	TFs and others	msl-2	Cell line	S2
324	SRX146992	dm3	TFs and others	msl-1	Cell line	S2
325	SRX146993	dm3	TFs and others	msl-1	Cell line	S2
326	SRX146995	dm3	TFs and others	msl-2	Cell line	S2
327	SRX146996	dm3	TFs and others	msl-3	Cell line	S2
328	SRX146997	dm3	TFs and others	msl-3	Cell line	S2
329	SRX146998	dm3	TFs and others	mof	Cell line	S2
330	SRX146999	dm3	TFs and others	mof	Cell line	S2
331	SRX147000	dm3	TFs and others	mle	Cell line	S2
332	SRX147001	dm3	TFs and others	mle	Cell line	S2
333	SRX147002	dm3	Histone	H4K16ac	Cell line	S2
334	SRX147003	dm3	RNA polymerase	RNA polymerase II	Cell line	S2
335	SRX149189	dm3	TFs and others	Psc	Cell line	S2
336	SRX149190	dm3	TFs and others	Psc	Cell line	S2
337	SRX149191	dm3	TFs and others	Psc	Cell line	S2
338	SRX149192	dm3	TFs and others	Psc	Cell line	S2
339	SRX151218	dm3	TFs and others	lmd	Embryo	2h embryos
340	SRX151219	dm3	TFs and others	lmd	Embryo	2h embryos
341	SRX152090	dm3	TFs and others	Trl	Embryo	8-16h embryos
342	SRX152091	dm3	TFs and others	Trl	Embryo	8-16h embryos
343	SRX152092	dm3	TFs and others	Trl	Embryo	8-16h embryos
344	SRX152094	dm3	TFs and others	yki	Embryo	8-16h embryos
345	SRX152095	dm3	TFs and others	yki	Embryo	8-16h embryos
346	SRX152099	dm3	TFs and others	Trl	Larvae	Imaginal wing disc
347	SRX152100	dm3	TFs and others	Trl	Larvae	Imaginal wing disc
348	SRX1531759	dm3	TFs and others	pho	Larvae	CNS and imaginal discs
349	SRX1531768	dm3	TFs and others	en	Larvae	CNS and imaginal discs
350	SRX1537615	dm3	TFs and others	pita	Embryo	Embryos
351	SRX1537617	dm3	TFs and others	dwg	Embryo	Embryos
352	SRX1550610	dm3	TFs and others	pho	Larvae	Imaginal brain disc
353	SRX1550612	dm3	TFs and others	pho	Larvae	Imaginal brain disc
354	SRX1550613	dm3	TFs and others	pho	Larvae	Imaginal brain disc
355	SRX1550614	dm3	TFs and others	ph-d	Larvae	Imaginal brain disc
356	SRX1550616	dm3	TFs and others	ph-d	Larvae	Imaginal brain disc
357	SRX1550619	dm3	TFs and others	ph-d	Larvae	Imaginal brain disc
358	SRX1550620	dm3	TFs and others	ph-d	Larvae	Imaginal brain disc
359	SRX1550622	dm3	Histone	H3K27me3	Larvae	Imaginal brain disc
360	SRX1561062	dm3	TFs and others	ph-d	Larvae	CNS and imaginal discs
361	SRX1561063	dm3	TFs and others	ph-d	Larvae	CNS and imaginal discs
362	SRX1561066	dm3	Histone	H3K27me3	Larvae	CNS and imaginal discs
363	SRX1561067	dm3	TFs and others	cg	Larvae	CNS and imaginal discs
364	SRX1561068	dm3	TFs and others	cg	Larvae	CNS and imaginal discs
365	SRX1571733	dm3	Histone	H3K4me3	Adult	Adult head
366	SRX1571734	dm3	Histone	H3K4me3	Adult	Adult head
367	SRX159165	dm3	TFs and others	Clamp	Cell line	Kc
368	SRX159166	dm3	TFs and others	Clamp	Cell line	Kc
369	SRX159170	dm3	TFs and others	Clamp	Cell line	S2
370	SRX159172	dm3	TFs and others	Clamp	Cell line	S2
371	SRX159173	dm3	TFs and others	Clamp	Cell line	S2
372	SRX159174	dm3	TFs and others	Clamp	Cell line	S2
373	SRX160144	dm3	TFs and others	Dp1	Cell line	S2R+
374	SRX160145	dm3	TFs and others	Dp1	Cell line	S2R+
375	SRX160967	dm3	TFs and others	Myc	Cell line	Kc
376	SRX1619256	dm3	Histone	H3	Cell line	S2
377	SRX1704846	dm3	Histone	H4	Cell line	S2
378	SRX1704850	dm3	Histone	H4	Cell line	S2
379	SRX170983	dm3	TFs and others	Dref	Cell line	Kc167
380	SRX170984	dm3	TFs and others	Dref	Cell line	Kc167
381	SRX1715673	dm3	Histone	H3K4me3	Embryo	Neural stem cells
382	SRX1715679	dm3	Histone	H3K4me3	Embryo	Neuronal cells
383	SRX1728712	dm3	TFs and others	Trl	Cell line	Kc167
384	SRX1728714	dm3	Histone	H3K27me3	Cell line	Kc167
385	SRX1760697	dm3	Histone	H1	Cell line	OSC
386	SRX1760698	dm3	Histone	H1	Cell line	OSC
387	SRX1760702	dm3	TFs and others	Su(var)205	Cell line	OSC
388	SRX1760703	dm3	TFs and others	Su(var)205	Cell line	OSC
389	SRX1760704	dm3	TFs and others	Su(var)205	Cell line	OSC
390	SRX1760711	dm3	Histone	H1	Cell line	OSC
391	SRX1760712	dm3	Histone	H1	Cell line	OSC
392	SRX1763405	dm3	TFs and others	Creb1	Adult	Mushroom Bodies
393	SRX1763406	dm3	TFs and others	Creb1	Adult	Mushroom Bodies
394	SRX1763407	dm3	TFs and others	Creb1	Adult	Mushroom Bodies
395	SRX1763408	dm3	TFs and others	Creb1	Adult	Mushroom Bodies
396	SRX1763409	dm3	TFs and others	Creb1	Adult	Mushroom Bodies
397	SRX1763410	dm3	TFs and others	Creb1	Adult	Mushroom Bodies
398	SRX1763411	dm3	TFs and others	Crtc1	Adult	Mushroom Bodies
399	SRX1763412	dm3	TFs and others	Crtc1	Adult	Mushroom Bodies
400	SRX1763413	dm3	TFs and others	Crtc1	Adult	Mushroom Bodies
401	SRX1763414	dm3	TFs and others	Crtc1	Adult	Mushroom Bodies
402	SRX1763415	dm3	TFs and others	Crtc1	Adult	Mushroom Bodies
403	SRX1763416	dm3	TFs and others	Crtc1	Adult	Mushroom Bodies
404	SRX1794215	dm3	Histone	H3K27ac	Cell line	S2
405	SRX1794216	dm3	Histone	H3K27ac	Cell line	S2
406	SRX1794217	dm3	Histone	H3K27me3	Cell line	S2
407	SRX1794218	dm3	Histone	H3K27me3	Cell line	S2
408	SRX1794219	dm3	Histone	H3K4me1	Cell line	S2
409	SRX1794220	dm3	Histone	H3K4me1	Cell line	S2
410	SRX1794221	dm3	Histone	H3K4me2	Cell line	S2
411	SRX1794222	dm3	Histone	H3K4me2	Cell line	S2
412	SRX1794223	dm3	Histone	H3K4me3	Cell line	S2
413	SRX1794224	dm3	Histone	H3K4me3	Cell line	S2
414	SRX1794231	dm3	TFs and others	trr	Cell line	S2
415	SRX1794232	dm3	TFs and others	trx	Cell line	S2
416	SRX1794233	dm3	TFs and others	trx	Cell line	S2
417	SRX1794234	dm3	TFs and others	trx	Cell line	S2
418	SRX1794235	dm3	TFs and others	trx	Cell line	S2
419	SRX1794236	dm3	TFs and others	Set1	Cell line	S2
420	SRX1794237	dm3	TFs and others	Set1	Cell line	S2
421	SRX1794238	dm3	Histone	H3K4me2	Cell line	S2
422	SRX1794239	dm3	Histone	H3K4me2	Cell line	S2
423	SRX1794241	dm3	Histone	H3K27ac	Cell line	S2
424	SRX1794242	dm3	Histone	H3K27me3	Cell line	S2
425	SRX1794243	dm3	Histone	H3K4me1	Cell line	S2
426	SRX1794244	dm3	Histone	H3K4me2	Cell line	S2
427	SRX1794245	dm3	Histone	H3K4me3	Cell line	S2
428	SRX1794248	dm3	Histone	H3K27ac	Cell line	S2
429	SRX1794249	dm3	Histone	H3K27me3	Cell line	S2
430	SRX1794250	dm3	Histone	H3K4me1	Cell line	S2
431	SRX1794251	dm3	Histone	H3K4me2	Cell line	S2
432	SRX1794252	dm3	Histone	H3K4me3	Cell line	S2
433	SRX182775	dm3	RNA polymerase	RNA polymerase II	Larvae	Imaginal wing disc
434	SRX183520	dm3	TFs and others	Trl	Cell line	S2
435	SRX183521	dm3	TFs and others	Trl	Cell line	S2
436	SRX1837288	dm3	Histone	H3K9me3	Adult	Ovary
437	SRX1837290	dm3	Histone	H3K9me3	Adult	Ovary
438	SRX1837292	dm3	Histone	H3K9me3	Adult	Ovary
439	SRX1837975	dm3	TFs and others	Pc	Cell line	Cultured cell lines
440	SRX1837977	dm3	TFs and others	Pc	Cell line	Cultured cell lines
441	SRX1837979	dm3	TFs and others	Pc	Cell line	Cultured cell lines
442	SRX1837981	dm3	TFs and others	Pc	Cell line	Cultured cell lines
443	SRX183881	dm3	TFs and others	twi	Embryo	2-4h embryos
444	SRX183882	dm3	TFs and others	twi	Embryo	2-4h embryos
445	SRX183883	dm3	TFs and others	twi	Embryo	2-4h embryos
446	SRX183884	dm3	TFs and others	twi	Embryo	2-4h embryos
447	SRX1840067	dm3	TFs and others	grh	Embryo	2-3h embryos
448	SRX1840068	dm3	TFs and others	grh	Embryo	2-3h embryos
449	SRX1840069	dm3	TFs and others	grh	Embryo	5-6h embryos
450	SRX1840070	dm3	TFs and others	grh	Embryo	5-6h embryos
451	SRX1840071	dm3	TFs and others	grh	Embryo	11-12h embryos
452	SRX1840072	dm3	TFs and others	grh	Embryo	11-12h embryos
453	SRX1840073	dm3	TFs and others	grh	Embryo	15-16h embryos
454	SRX1847042	dm3	Histone	H3K4me3	Embryo	Glial cells
455	SRX1848131	dm3	TFs and others	Gcn5	Cell line	Kc167
456	SRX1848132	dm3	TFs and others	Gcn5	Cell line	Kc167
457	SRX1848135	dm3	TFs and others	Gcn5	Cell line	S2
458	SRX186109	dm3	TFs and others	su(Hw)	Cell line	ML-DmBG3-c2
459	SRX186110	dm3	TFs and others	shep	Cell line	ML-DmBG3-c2
460	SRX186111	dm3	TFs and others	shep	Cell line	ML-DmBG3-c2
461	SRX186112	dm3	TFs and others	mod(mdg4)	Cell line	ML-DmBG3-c2
462	SRX186113	dm3	TFs and others	mod(mdg4)	Cell line	ML-DmBG3-c2
463	SRX187079	dm3	DNase-seq	DNase-Seq	Cell line	S2
464	SRX187080	dm3	DNase-seq	DNase-Seq	Cell line	S2
465	SRX187081	dm3	DNase-seq	DNase-Seq	Cell line	S2
466	SRX187083	dm3	DNase-seq	DNase-Seq	Cell line	OSC
467	SRX1872289	dm3	Histone	H3K27me3	Embryo	16-18h embryos
468	SRX1872291	dm3	TFs and others	ph-d	Embryo	16-18h embryos
469	SRX1872292	dm3	TFs and others	ph-d	Embryo	16-18h embryos
470	SRX187589	dm3	TFs and others	cbt	Larvae	Imaginal wing disc
471	SRX191907	dm3	TFs and others	Cp190	Cell line	S2
472	SRX191908	dm3	TFs and others	Cp190	Cell line	S2
473	SRX191909	dm3	TFs and others	su(Hw)	Cell line	S2
474	SRX191910	dm3	TFs and others	su(Hw)	Cell line	S2
475	SRX191911	dm3	TFs and others	mod(mdg4)	Cell line	S2
476	SRX191912	dm3	TFs and others	mod(mdg4)	Cell line	S2
477	SRX191913	dm3	TFs and others	CTCF	Cell line	S2
478	SRX191914	dm3	TFs and others	CTCF	Cell line	S2
479	SRX1929540	dm3	TFs and others	sc	Adult	Intestines
480	SRX1929543	dm3	TFs and others	esg	Adult	Intestines
481	SRX193314	dm3	TFs and others	trr	Cell line	S2
482	SRX193315	dm3	TFs and others	Utx	Cell line	S2
483	SRX193316	dm3	TFs and others	Lpt	Cell line	S2
484	SRX193317	dm3	RNA polymerase	RpII215	Cell line	S2
485	SRX193318	dm3	Histone	H3K27ac	Cell line	S2
486	SRX193319	dm3	Histone	H3K27ac	Cell line	S2
487	SRX193320	dm3	Histone	H3K27me3	Cell line	S2
488	SRX193321	dm3	Histone	H3K4me1	Cell line	S2
489	SRX193322	dm3	Histone	H3K4me1	Cell line	S2
490	SRX193323	dm3	Histone	H3K4me3	Cell line	S2
491	SRX193324	dm3	Histone	H3K4me3	Cell line	S2
492	SRX193330	dm3	TFs and others	Utx	Cell line	S2
493	SRX193331	dm3	TFs and others	Lpt	Cell line	S2
494	SRX193332	dm3	Histone	H3K27ac	Cell line	S2
495	SRX193333	dm3	Histone	H3K27ac	Cell line	S2
496	SRX193334	dm3	Histone	H3K27me3	Cell line	S2
497	SRX193335	dm3	Histone	H3K4me1	Cell line	S2
498	SRX193336	dm3	Histone	H3K4me1	Cell line	S2
499	SRX193337	dm3	Histone	H3K4me3	Cell line	S2
500	SRX193339	dm3	Histone	H3K27me3	Cell line	S2
501	SRX193340	dm3	Histone	H3K4me1	Cell line	S2
502	SRX1958586	dm3	TFs and others	pho	Cell line	S2
503	SRX197562	dm3	Histone	H3ac	Embryo	2-3h embryos
504	SRX197563	dm3	Histone	H3ac	Embryo	2-3h embryos
505	SRX197564	dm3	Histone	H3K27me3	Embryo	2-3h embryos
506	SRX197565	dm3	Histone	H3K4me3	Embryo	2-3h embryos
507	SRX197566	dm3	Histone	H3K4me3	Embryo	2-3h embryos
508	SRX197567	dm3	RNA polymerase	RNA polymerase II	Embryo	2-3h embryos
509	SRX197568	dm3	RNA polymerase	RNA polymerase II	Embryo	2-3h embryos
510	SRX197569	dm3	RNA polymerase	RNA polymerase II	Embryo	2-3h embryos
511	SRX197570	dm3	TFs and others	Tbp	Embryo	2-3h embryos
512	SRX197571	dm3	TFs and others	Tbp	Embryo	2-3h embryos
513	SRX197578	dm3	Histone	H3K4me3	Embryo	1-2h embryos
514	SRX197579	dm3	RNA polymerase	RNA polymerase II	Embryo	1-2h embryos
515	SRX197580	dm3	RNA polymerase	RNA polymerase II	Embryo	1-2h embryos
516	SRX197581	dm3	RNA polymerase	RNA polymerase II	Embryo	1-2h embryos
517	SRX197582	dm3	RNA polymerase	RNA polymerase II	Embryo	1-2h embryos
518	SRX197583	dm3	TFs and others	Tbp	Embryo	1-2h embryos
519	SRX197584	dm3	TFs and others	Tbp	Embryo	1-2h embryos
520	SRX2000505	dm3	RNA polymerase	RpII33	Cell line	S2
521	SRX2000506	dm3	RNA polymerase	RpII33	Cell line	S2
522	SRX2000507	dm3	RNA polymerase	RpII33	Cell line	S2
523	SRX2000508	dm3	RNA polymerase	RpII33	Cell line	S2
524	SRX2000513	dm3	Histone	H3K4me1	Cell line	S2
525	SRX2000517	dm3	Histone	H3K27ac	Cell line	S2
526	SRX2009293	dm3	TFs and others	twi	Embryo	Embryos
527	SRX2010897	dm3	TFs and others	CTCF	Embryo	Embryos
528	SRX2011091	dm3	TFs and others	Su(var)205	Larvae	3rd instar
529	SRX2011092	dm3	TFs and others	Su(var)205	Larvae	3rd instar
530	SRX201882	dm3	Histone	H3K9me3	Cell line	OSC
531	SRX201883	dm3	Histone	H3K9me3	Cell line	OSC
532	SRX201884	dm3	Histone	H3K9me3	Cell line	OSC
533	SRX201885	dm3	Histone	H3K9me3	Cell line	OSC
534	SRX201894	dm3	RNA polymerase	RpII33	Cell line	OSC
535	SRX201895	dm3	RNA polymerase	RpII33	Cell line	OSC
536	SRX201896	dm3	RNA polymerase	RpII33	Cell line	OSC
537	SRX201897	dm3	RNA polymerase	RpII33	Cell line	OSC
538	SRX201898	dm3	RNA polymerase	RpII33	Cell line	OSC
539	SRX201899	dm3	RNA polymerase	RpII33	Cell line	OSC
540	SRX201900	dm3	RNA polymerase	RpII33	Adult	Ovary
541	SRX201901	dm3	RNA polymerase	RpII33	Adult	Ovary
542	SRX201902	dm3	RNA polymerase	RpII33	Adult	Ovary
543	SRX201903	dm3	RNA polymerase	RpII33	Adult	Ovary
544	SRX202117	dm3	TFs and others	Rrp6	Cell line	S2
545	SRX202118	dm3	TFs and others	Rrp40	Cell line	S2
546	SRX202119	dm3	TFs and others	Rrp40	Cell line	S2
547	SRX202120	dm3	TFs and others	su(Hw)	Cell line	S2
548	SRX202123	dm3	TFs and others	Rrp6	Cell line	S3
549	SRX202124	dm3	TFs and others	Rrp6	Cell line	S3
550	SRX202125	dm3	TFs and others	Rrp40	Cell line	S3
551	SRX202126	dm3	TFs and others	Rrp40	Cell line	S3
552	SRX202127	dm3	TFs and others	su(Hw)	Cell line	S3
553	SRX202833	dm3	TFs and others	CG4747	Larvae	Larvae
554	SRX202999	dm3	TFs and others	fs(1)h	Cell line	Kc167
555	SRX203000	dm3	TFs and others	fs(1)h	Cell line	Kc167
556	SRX2033488	dm3	RNA polymerase	RpII33	Cell line	Kc167
557	SRX2033489	dm3	TFs and others	TfIIA	Cell line	Kc167
558	SRX2033490	dm3	TFs and others	TfIIB	Cell line	Kc167
559	SRX2055943	dm3	TFs and others	Hmr	Cell line	S2-DRSC
560	SRX2055944	dm3	TFs and others	Su(var)205	Cell line	S2-DRSC
561	SRX2055947	dm3	TFs and others	Hmr	Cell line	S2-DRSC
562	SRX2055948	dm3	TFs and others	Su(var)205	Cell line	S2-DRSC
563	SRX2055951	dm3	TFs and others	Hmr	Cell line	S2-DRSC
564	SRX2055953	dm3	TFs and others	Su(var)205	Cell line	S2-DRSC
565	SRX2055955	dm3	TFs and others	Hmr	Cell line	S2-DRSC
566	SRX2055956	dm3	Histone	H3	Cell line	S2-DRSC
567	SRX2055958	dm3	TFs and others	Hmr	Cell line	S2-DRSC
568	SRX2055959	dm3	Histone	H3	Cell line	S2-DRSC
569	SRX2055961	dm3	TFs and others	Hmr	Cell line	S2-DRSC
570	SRX2055962	dm3	Histone	H3	Cell line	S2-DRSC
571	SRX2055964	dm3	TFs and others	Hmr	Cell line	S2-DRSC
572	SRX2055966	dm3	TFs and others	Hmr	Cell line	S2-DRSC
573	SRX209931	dm3	TFs and others	ab	Larvae	Eye-antennal discs
574	SRX215499	dm3	Histone	H3	Larvae	3rd instar
575	SRX215500	dm3	Histone	H3	Larvae	Eye discs
576	SRX215501	dm3	Histone	H3K36me3	Larvae	Eye discs
577	SRX215502	dm3	Histone	H3K4me3	Larvae	Eye discs
578	SRX2165266	dm3	TFs and others	bcd	Embryo	Embryos
579	SRX2165267	dm3	TFs and others	bcd	Embryo	Embryos
580	SRX2165268	dm3	TFs and others	bcd	Embryo	Embryos
581	SRX2165269	dm3	TFs and others	bcd	Embryo	Embryos
582	SRX2165270	dm3	TFs and others	bcd	Embryo	Embryos
583	SRX2165271	dm3	TFs and others	bcd	Embryo	Embryos
584	SRX2165272	dm3	TFs and others	bcd	Embryo	Embryos
585	SRX2165273	dm3	TFs and others	bcd	Embryo	Embryos
586	SRX2165274	dm3	TFs and others	bcd	Embryo	Embryos
587	SRX2165275	dm3	TFs and others	bcd	Embryo	Embryos
588	SRX2165276	dm3	TFs and others	bcd	Embryo	Embryos
589	SRX2165277	dm3	TFs and others	bcd	Embryo	Embryos
590	SRX2165278	dm3	TFs and others	bcd	Embryo	Embryos
591	SRX2165279	dm3	TFs and others	bcd	Embryo	Embryos
592	SRX2165280	dm3	TFs and others	bcd	Embryo	Embryos
593	SRX2165281	dm3	TFs and others	bcd	Embryo	Embryos
594	SRX2165282	dm3	TFs and others	bcd	Embryo	Embryos
595	SRX2165283	dm3	TFs and others	bcd	Embryo	Embryos
596	SRX2165284	dm3	TFs and others	bcd	Embryo	Embryos
597	SRX2165285	dm3	TFs and others	bcd	Embryo	Embryos
598	SRX2165286	dm3	TFs and others	bcd	Embryo	Embryos
599	SRX2165287	dm3	TFs and others	bcd	Embryo	Embryos
600	SRX2172425	dm3	TFs and others	Mlf	Cell line	S2
601	SRX2172427	dm3	TFs and others	Mlf	Cell line	S2
602	SRX2172428	dm3	TFs and others	DnaJ-1	Cell line	S2
603	SRX2172429	dm3	TFs and others	DnaJ-1	Cell line	S2
604	SRX2200899	dm3	TFs and others	Gug	Cell line	S2
605	SRX2200900	dm3	TFs and others	Gug	Cell line	S2
606	SRX2200901	dm3	TFs and others	Gug	Cell line	S2
607	SRX220295	dm3	Histone	H3K9me3	Adult	Ovary
608	SRX220297	dm3	RNA polymerase	RNA polymerase II	Adult	Ovary
609	SRX220298	dm3	Histone	H3K9me3	Adult	Ovary
610	SRX220300	dm3	RNA polymerase	RNA polymerase II	Adult	Ovary
611	SRX220304	dm3	RNA polymerase	RNA polymerase II	Adult	Ovary
612	SRX220306	dm3	RNA polymerase	RNA polymerase II	Adult	Ovary
613	SRX220308	dm3	RNA polymerase	RNA polymerase II	Adult	Ovary
614	SRX2321783	dm3	TFs and others	trr	Adult	Adult head
615	SRX2385057	dm3	TFs and others	upSET	Embryo	12-24h embryos
616	SRX2385058	dm3	TFs and others	upSET	Embryo	12-24h embryos
617	SRX2396692	dm3	TFs and others	Orc2	Larvae	Fat Body
618	SRX2396694	dm3	TFs and others	Orc2	Larvae	Fat Body
619	SRX2396696	dm3	TFs and others	Orc2	Larvae	Fat Body
620	SRX2396698	dm3	TFs and others	Orc2	Larvae	Fat Body
621	SRX2399656	dm3	TFs and others	wds	Cell line	ML-DmBG3-c2
622	SRX2399657	dm3	TFs and others	wds	Cell line	ML-DmBG3-c2
623	SRX2399658	dm3	Histone	H3K4me3	Cell line	ML-DmBG3-c2
624	SRX2399659	dm3	Histone	H3K4me3	Cell line	ML-DmBG3-c2
625	SRX2399661	dm3	Histone	H3K27me3	Cell line	ML-DmBG3-c2
626	SRX2417577	dm3	Histone	H3K9me3	Cell line	S2-DRSC
627	SRX2417578	dm3	Histone	H3K9me3	Cell line	S2-DRSC
628	SRX2417579	dm3	TFs and others	Su(var)205	Cell line	S2-DRSC
629	SRX2417580	dm3	TFs and others	Su(var)205	Cell line	S2-DRSC
630	SRX2458926	dm3	TFs and others	ash1	Cell line	S2
631	SRX2458927	dm3	TFs and others	ash1	Cell line	S2
632	SRX2458928	dm3	TFs and others	ash1	Cell line	S2
633	SRX2458929	dm3	TFs and others	ash1	Cell line	S2
634	SRX2458930	dm3	TFs and others	MRG15	Cell line	S2
635	SRX2458931	dm3	TFs and others	MRG15	Cell line	S2
636	SRX2458932	dm3	TFs and others	MRG15	Cell line	S2
637	SRX2458933	dm3	TFs and others	MRG15	Cell line	S2
638	SRX2520632	dm3	TFs and others	msl-2	Cell line	S2
639	SRX2520633	dm3	Histone	H4K16ac	Cell line	S2
640	SRX2520635	dm3	TFs and others	msl-2	Cell line	S2
641	SRX2520637	dm3	TFs and others	msl-2	Cell line	S2
642	SRX2520639	dm3	TFs and others	msl-2	Cell line	S2
643	SRX2520641	dm3	Histone	H4K16ac	Cell line	Kc167
644	SRX2520643	dm3	Histone	H4K16ac	Cell line	Kc167
645	SRX2520645	dm3	Histone	H3K36me3	Cell line	S2
646	SRX2520647	dm3	Histone	H3K36me3	Cell line	S2
647	SRX2520649	dm3	Histone	H3K36me3	Cell line	Kc167
648	SRX2520651	dm3	Histone	H3K36me3	Cell line	Kc167
649	SRX252224	dm3	TFs and others	BEAF-32	Cell line	Kc167
650	SRX252229	dm3	RNA polymerase	RNA polymerase II	Cell line	Kc167
651	SRX2548341	dm3	Histone	H3K9me2	Embryo	4-8h embryos
652	SRX2548343	dm3	Histone	H3K9me2	Embryo	4-8h embryos
653	SRX2548345	dm3	Histone	H3K9me2	Embryo	4-8h embryos
654	SRX2548347	dm3	Histone	H3K9me2	Embryo	4-8h embryos
655	SRX2548349	dm3	Histone	H3K9me2	Embryo	4-8h embryos
656	SRX2551009	dm3	Histone	H3K27me3	Larvae	Imaginal wing disc
657	SRX2559026	dm3	Histone	H3K9me3	Cell line	Kc167
658	SRX2559027	dm3	Histone	H3K9me3	Cell line	Kc167
659	SRX2559029	dm3	Histone	H4K16ac	Cell line	Kc167
660	SRX2559030	dm3	Histone	H4K20me1	Cell line	Kc167
661	SRX2559031	dm3	Histone	H3.3	Cell line	Kc167
662	SRX2559032	dm3	Histone	H2Bub	Cell line	Kc167
663	SRX2559033	dm3	TFs and others	grh	Cell line	Kc167
664	SRX2564128	dm3	TFs and others	Nup98-96	Cell line	S2
665	SRX2564130	dm3	TFs and others	Nup98-96	Cell line	S2
666	SRX2564133	dm3	TFs and others	LysE	Larvae	3rd instar brain
667	SRX2564134	dm3	TFs and others	LysE	Larvae	3rd instar brain
668	SRX2564135	dm3	Histone	H3K27ac	Larvae	3rd instar brain
669	SRX2564136	dm3	Histone	H3K27ac	Larvae	3rd instar brain
670	SRX2564137	dm3	Histone	H3K27me3	Larvae	3rd instar brain
671	SRX2583182	dm3	TFs and others	brm	Cell line	S2
672	SRX2583183	dm3	TFs and others	brm	Cell line	S2
673	SRX2612506	dm3	Histone	H3K27ac	Cell line	S2
674	SRX2612507	dm3	Histone	H3K27ac	Cell line	S2
675	SRX2612508	dm3	Histone	H3K27ac	Cell line	S2
676	SRX2612509	dm3	Histone	H3K27ac	Cell line	S2
677	SRX2612510	dm3	Histone	H3K27ac	Cell line	S2
678	SRX2612511	dm3	Histone	H3K27ac	Cell line	S2
679	SRX2612518	dm3	RNA polymerase	RNA polymerase II	Cell line	S2
680	SRX2612519	dm3	RNA polymerase	RNA polymerase II	Cell line	S2
681	SRX2612520	dm3	RNA polymerase	RNA polymerase II	Cell line	S2
682	SRX2612521	dm3	RNA polymerase	RNA polymerase II	Cell line	S2
683	SRX2612522	dm3	RNA polymerase	RNA polymerase II	Cell line	S2
684	SRX2618496	dm3	Histone	H3K27ac	Adult	Brains
685	SRX2618497	dm3	Histone	H3K27ac	Adult	Brains
686	SRX2618498	dm3	Histone	H3K27ac	Adult	Brains
687	SRX2618500	dm3	Histone	H3K27ac	Adult	Brains
688	SRX2618501	dm3	Histone	H3K27ac	Adult	Brains
689	SRX2618503	dm3	Histone	H3K4me1	Adult	Brains
690	SRX2618510	dm3	Histone	H3K4me3	Adult	Brains
691	SRX2618514	dm3	Histone	H3K4me3	Adult	Brains
692	SRX2618516	dm3	Histone	H3K4me3	Adult	Brains
693	SRX2618518	dm3	Histone	H3K4me3	Adult	Brains
694	SRX2618519	dm3	Histone	H3K4me3	Adult	Brains
695	SRX2618520	dm3	TFs and others	Lpt	Adult	Brains
696	SRX2618521	dm3	TFs and others	Lpt	Adult	Brains
697	SRX2618522	dm3	TFs and others	Lpt	Adult	Brains
698	SRX2618523	dm3	TFs and others	trr	Adult	Brains
699	SRX2618524	dm3	TFs and others	trr	Adult	Brains
700	SRX2618525	dm3	TFs and others	trr	Adult	Brains
701	SRX2618528	dm3	TFs and others	trr	Adult	Brains
702	SRX2618529	dm3	TFs and others	trr	Adult	Brains
703	SRX2618530	dm3	TFs and others	trr	Adult	Brains
704	SRX2618531	dm3	TFs and others	trr	Adult	Brains
705	SRX2618550	dm3	Histone	H3K27ac	Larvae	Imaginal wing disc
706	SRX2618551	dm3	Histone	H3K27ac	Larvae	Imaginal wing disc
707	SRX2618552	dm3	Histone	H3K27ac	Larvae	Imaginal wing disc
708	SRX2618556	dm3	Histone	H3K4me3	Larvae	Imaginal wing disc
709	SRX2618557	dm3	Histone	H3K4me3	Larvae	Imaginal wing disc
710	SRX2618558	dm3	Histone	H3K4me3	Larvae	Imaginal wing disc
711	SRX2659835	dm3	TFs and others	sd	Larvae	Imaginal wing disc
712	SRX2659836	dm3	TFs and others	sd	Larvae	Imaginal wing disc
713	SRX2659839	dm3	TFs and others	sd	Larvae	Imaginal wing disc
714	SRX2659840	dm3	TFs and others	sd	Larvae	Imaginal wing disc
715	SRX2659841	dm3	TFs and others	sd	Larvae	Imaginal wing disc
716	SRX2659844	dm3	TFs and others	sd	Larvae	Imaginal wing disc
717	SRX2659845	dm3	TFs and others	sd	Larvae	Imaginal wing disc
718	SRX2677153	dm3	Histone	H3K27me3	Adult	Testis
719	SRX2692977	dm3	Histone	H3K27me3	Adult	Adult body
720	SRX2734364	dm3	TFs and others	rhi	Adult	Ovary
721	SRX2734365	dm3	RNA polymerase	RNA polymerase II	Adult	Ovary
722	SRX2734366	dm3	RNA polymerase	RNA polymerase II	Adult	Ovary
723	SRX2734367	dm3	RNA polymerase	RNA polymerase II	Adult	Ovary
724	SRX273674	dm3	TFs and others	Cp190	Cell line	S2
725	SRX273675	dm3	TFs and others	Ibf1	Cell line	S2
726	SRX273676	dm3	TFs and others	Ibf2	Cell line	S2
727	SRX2788640	dm3	TFs and others	cuff	Adult	Ovary
728	SRX2788641	dm3	TFs and others	cuff	Adult	Ovary
729	SRX2788642	dm3	RNA polymerase	RNA polymerase II	Adult	Ovary
730	SRX2788643	dm3	RNA polymerase	RNA polymerase II	Adult	Ovary
731	SRX2788644	dm3	RNA polymerase	RNA polymerase II	Adult	Ovary
732	SRX2788645	dm3	RNA polymerase	RNA polymerase II	Adult	Ovary
733	SRX2788646	dm3	RNA polymerase	RNA polymerase II	Adult	Ovary
734	SRX2788647	dm3	RNA polymerase	RNA polymerase II	Adult	Ovary
735	SRX2804212	dm3	TFs and others	Sgf11	Embryo	1-3h embryos
736	SRX2804214	dm3	TFs and others	Sgf11	Embryo	1-3h embryos
737	SRX2804216	dm3	TFs and others	Sgf11	Embryo	1-3h embryos
738	SRX2804218	dm3	TFs and others	not	Embryo	1-3h embryos
739	SRX2804220	dm3	TFs and others	not	Embryo	1-3h embryos
740	SRX2804223	dm3	TFs and others	Ada2b	Embryo	1-3h embryos
741	SRX2804225	dm3	TFs and others	Ada2b	Embryo	1-3h embryos
742	SRX2804227	dm3	TFs and others	Ada2b	Embryo	1-3h embryos
743	SRX2804230	dm3	TFs and others	Spt3	Embryo	1-3h embryos
744	SRX2804231	dm3	TFs and others	Spt3	Embryo	1-3h embryos
745	SRX2804232	dm3	RNA polymerase	RNA polymerase II	Embryo	1-3h embryos
746	SRX2804234	dm3	RNA polymerase	RNA polymerase II	Embryo	1-3h embryos
747	SRX2829095	dm3	Histone	H3K4me2	Adult	Testis
748	SRX2829097	dm3	Histone	H3K4me2	Adult	Testis
749	SRX2829099	dm3	Histone	H3K4me3	Adult	Testis
750	SRX2829101	dm3	Histone	H3K4me3	Adult	Testis
751	SRX2831144	dm3	Histone	H2A.V	Cell line	S2
752	SRX2832093	dm3	Histone	H3K36me3	Cell line	S2
753	SRX2832094	dm3	Histone	H3K36me3	Cell line	S2
754	SRX2832095	dm3	Histone	H3K9me3	Cell line	S2
755	SRX2832096	dm3	Histone	H3K9me3	Cell line	S2
756	SRX2832099	dm3	Histone	H3K36me3	Cell line	S2
757	SRX2832100	dm3	Histone	H3K36me3	Cell line	S2
758	SRX2832101	dm3	Histone	H3K9me3	Cell line	S2
759	SRX2832102	dm3	Histone	H3K9me3	Cell line	S2
760	SRX287564	dm3	Histone	H3K9me2	Cell line	S2-DRSC
761	SRX287565	dm3	Histone	H3K9me2	Cell line	S2-DRSC
762	SRX287568	dm3	Histone	H3K27me3	Embryo	14-16h embryos
763	SRX287569	dm3	Histone	H3K27me3	Embryo	14-16h embryos
764	SRX287574	dm3	TFs and others	Su(var)205	Embryo	14-16h embryos
765	SRX287575	dm3	TFs and others	Su(var)205	Embryo	14-16h embryos
766	SRX287576	dm3	TFs and others	Su(var)205	Embryo	14-16h embryos
767	SRX287577	dm3	TFs and others	Su(var)205	Embryo	14-16h embryos
768	SRX287580	dm3	TFs and others	Pc	Embryo	14-16h embryos
769	SRX287581	dm3	TFs and others	Pc	Embryo	14-16h embryos
770	SRX287584	dm3	TFs and others	su(Hw)	Embryo	14-16h embryos
771	SRX287585	dm3	TFs and others	su(Hw)	Embryo	14-16h embryos
772	SRX287588	dm3	TFs and others	Cp190	Embryo	14-16h embryos
773	SRX287589	dm3	TFs and others	Cp190	Embryo	14-16h embryos
774	SRX287592	dm3	TFs and others	Psc	Embryo	14-16h embryos
775	SRX287593	dm3	TFs and others	Psc	Embryo	14-16h embryos
776	SRX287596	dm3	TFs and others	Trl	Embryo	14-16h embryos
777	SRX287597	dm3	TFs and others	Trl	Embryo	14-16h embryos
778	SRX287600	dm3	Histone	H3K27ac	Embryo	14-16h embryos
779	SRX287601	dm3	Histone	H3K27ac	Embryo	14-16h embryos
780	SRX287651	dm3	Histone	H3K36me1	Embryo	14-16h embryos
781	SRX287652	dm3	Histone	H3K36me1	Embryo	14-16h embryos
782	SRX287655	dm3	Histone	H3K9me3	Adult	Adult head
783	SRX287656	dm3	Histone	H3K9me3	Adult	Adult head
784	SRX287659	dm3	TFs and others	Su(var)205	Larvae	3rd instar
785	SRX287660	dm3	TFs and others	Su(var)205	Larvae	3rd instar
786	SRX287663	dm3	Histone	H4K20me1	Adult	Adult head
787	SRX287664	dm3	Histone	H4K20me1	Adult	Adult head
788	SRX287667	dm3	Histone	H4K16ac	Embryo	14-16h embryos
789	SRX287668	dm3	Histone	H4K16ac	Embryo	14-16h embryos
790	SRX287671	dm3	Histone	H3K9me3	Embryo	14-16h embryos
791	SRX287672	dm3	Histone	H3K9me3	Embryo	14-16h embryos
792	SRX287675	dm3	Histone	H3K9me2	Embryo	14-16h embryos
793	SRX287676	dm3	Histone	H3K9me2	Embryo	14-16h embryos
794	SRX287679	dm3	Histone	H3K36me3	Larvae	3rd instar
795	SRX287680	dm3	Histone	H3K36me3	Larvae	3rd instar
796	SRX287683	dm3	Histone	H3K36me1	Larvae	3rd instar
797	SRX287687	dm3	TFs and others	Su(var)3-7	Embryo	14-16h embryos
798	SRX287688	dm3	TFs and others	Su(var)3-7	Embryo	14-16h embryos
799	SRX287691	dm3	TFs and others	HP4	Embryo	14-16h embryos
800	SRX287692	dm3	TFs and others	HP4	Embryo	14-16h embryos
801	SRX287695	dm3	Histone	H3K79me2	Embryo	14-16h embryos
802	SRX287700	dm3	Histone	H3K18ac	Adult	Adult head
803	SRX287703	dm3	Histone	H4K20me1	Larvae	3rd instar
804	SRX287704	dm3	Histone	H4K20me1	Larvae	3rd instar
805	SRX287707	dm3	Histone	H3K9ac	Adult	Adult head
806	SRX287708	dm3	Histone	H3K9ac	Adult	Adult head
807	SRX287711	dm3	Histone	H3K36me3	Embryo	14-16h embryos
808	SRX287712	dm3	Histone	H3K36me3	Embryo	14-16h embryos
809	SRX287719	dm3	Histone	H3K9me3	Larvae	3rd instar
810	SRX287720	dm3	Histone	H3K9me3	Larvae	3rd instar
811	SRX287723	dm3	Histone	H2A.V	Larvae	3rd instar
812	SRX287724	dm3	Histone	H2A.V	Larvae	3rd instar
813	SRX287727	dm3	Histone	H3K9me2	Larvae	3rd instar
814	SRX287728	dm3	Histone	H3K9me2	Larvae	3rd instar
815	SRX287731	dm3	Histone	H3K4me2	Larvae	3rd instar
816	SRX287732	dm3	Histone	H3K4me2	Larvae	3rd instar
817	SRX287739	dm3	TFs and others	Chro	Embryo	14-16h embryos
818	SRX287740	dm3	TFs and others	Chro	Embryo	14-16h embryos
819	SRX287743	dm3	TFs and others	CTCF	Embryo	14-16h embryos
820	SRX287744	dm3	TFs and others	CTCF	Embryo	14-16h embryos
821	SRX287751	dm3	TFs and others	Sce	Embryo	14-16h embryos
822	SRX287752	dm3	TFs and others	Sce	Embryo	14-16h embryos
823	SRX287755	dm3	Histone	H1	Adult	Adult head
824	SRX287756	dm3	Histone	H1	Adult	Adult head
825	SRX287760	dm3	Histone	H2A.V	Embryo	14-16h embryos
826	SRX287761	dm3	Histone	H2A.V	Embryo	14-16h embryos
827	SRX287762	dm3	Histone	H2A.V	Embryo	14-16h embryos
828	SRX287766	dm3	Histone	H2Bub	Embryo	14-16h embryos
829	SRX287767	dm3	Histone	H2Bub	Embryo	14-16h embryos
830	SRX287768	dm3	Histone	H2Bub	Embryo	14-16h embryos
831	SRX287771	dm3	Histone	H2Bub	Adult	Adult head
832	SRX287772	dm3	Histone	H2Bub	Adult	Adult head
833	SRX287775	dm3	Histone	H3	Embryo	14-16h embryos
834	SRX287776	dm3	Histone	H3	Embryo	14-16h embryos
835	SRX287783	dm3	Histone	H3	Adult	Adult head
836	SRX287784	dm3	Histone	H3	Adult	Adult head
837	SRX287795	dm3	Histone	H3K27me1	Adult	Adult head
838	SRX287796	dm3	Histone	H3K27me1	Adult	Adult head
839	SRX287799	dm3	Histone	H3K9me1	Embryo	14-16h embryos
840	SRX287800	dm3	Histone	H3K9me1	Embryo	14-16h embryos
841	SRX287815	dm3	Histone	H3K36me3	Adult	Adult head
842	SRX287816	dm3	Histone	H3K36me3	Adult	Adult head
843	SRX287823	dm3	Histone	H3K4me1	Larvae	3rd instar
844	SRX287824	dm3	Histone	H3K4me1	Larvae	3rd instar
845	SRX287831	dm3	Histone	H3K4me2	Adult	Adult head
846	SRX287832	dm3	Histone	H3K4me2	Adult	Adult head
847	SRX287836	dm3	Histone	H3K4me3	Embryo	14-16h embryos
848	SRX287839	dm3	Histone	H3K4me3	Adult	Adult head
849	SRX287840	dm3	Histone	H3K4me3	Adult	Adult head
850	SRX287843	dm3	Histone	H3K9ac	Embryo	14-16h embryos
851	SRX287844	dm3	Histone	H3K9ac	Embryo	14-16h embryos
852	SRX287847	dm3	Histone	H3K9ac	Larvae	3rd instar
853	SRX287848	dm3	Histone	H3K9ac	Larvae	3rd instar
854	SRX287851	dm3	Histone	H3K9me1	Larvae	3rd instar
855	SRX287863	dm3	Histone	H4K16ac	Adult	Adult head
856	SRX287864	dm3	Histone	H4K16ac	Adult	Adult head
857	SRX287867	dm3	Histone	H4K20me1	Embryo	14-16h embryos
858	SRX287868	dm3	Histone	H4K20me1	Embryo	14-16h embryos
859	SRX287871	dm3	TFs and others	HP1b	Embryo	14-16h embryos
860	SRX287872	dm3	TFs and others	HP1b	Embryo	14-16h embryos
861	SRX287876	dm3	TFs and others	Su(var)2-HP2	Larvae	3rd instar
862	SRX287879	dm3	TFs and others	Kdm2	Embryo	14-16h embryos
863	SRX287880	dm3	TFs and others	Kdm2	Embryo	14-16h embryos
864	SRX287883	dm3	TFs and others	Su(var)3-3	Embryo	14-16h embryos
865	SRX287884	dm3	TFs and others	Su(var)3-3	Embryo	14-16h embryos
866	SRX287887	dm3	TFs and others	MBD-R2	Embryo	14-16h embryos
867	SRX287888	dm3	TFs and others	MBD-R2	Embryo	14-16h embryos
868	SRX287891	dm3	TFs and others	mof	Embryo	14-16h embryos
869	SRX287892	dm3	TFs and others	mof	Embryo	14-16h embryos
870	SRX287899	dm3	TFs and others	Pof	Embryo	14-16h embryos
871	SRX287900	dm3	TFs and others	Pof	Embryo	14-16h embryos
872	SRX287903	dm3	RNA polymerase	RNA polymerase II	Embryo	14-16h embryos
873	SRX287904	dm3	RNA polymerase	RNA polymerase II	Embryo	14-16h embryos
874	SRX287907	dm3	RNA polymerase	RNA polymerase II	Larvae	3rd instar
875	SRX287908	dm3	RNA polymerase	RNA polymerase II	Larvae	3rd instar
876	SRX287911	dm3	RNA polymerase	RNA polymerase II	Adult	Adult head
877	SRX287912	dm3	RNA polymerase	RNA polymerase II	Adult	Adult head
878	SRX287919	dm3	TFs and others	Rpd3	Larvae	3rd instar
879	SRX287920	dm3	TFs and others	Rpd3	Larvae	3rd instar
880	SRX287923	dm3	TFs and others	Su(var)3-7	Larvae	3rd instar
881	SRX287924	dm3	TFs and others	Su(var)3-7	Larvae	3rd instar
882	SRX287927	dm3	TFs and others	dwg	Embryo	14-16h embryos
883	SRX287928	dm3	TFs and others	dwg	Embryo	14-16h embryos
884	SRX287933	dm3	Histone	H1	Embryo	14-16h embryos
885	SRX287934	dm3	Histone	H1	Embryo	14-16h embryos
886	SRX287939	dm3	Histone	H2A.V	Adult	Adult head
887	SRX287940	dm3	Histone	H2A.V	Adult	Adult head
888	SRX287943	dm3	Histone	H3K9me2	Adult	Adult head
889	SRX287944	dm3	Histone	H3K9me2	Adult	Adult head
890	SRX287948	dm3	TFs and others	Su(var)2-HP2	Embryo	14-16h embryos
891	SRX287949	dm3	TFs and others	Su(var)2-HP2	Embryo	14-16h embryos
892	SRX287950	dm3	TFs and others	Su(var)2-HP2	Embryo	14-16h embryos
893	SRX287953	dm3	TFs and others	Su(var)3-3	Adult	Adult head
894	SRX287957	dm3	TFs and others	Kdm2	Adult	Adult head
895	SRX287958	dm3	TFs and others	Kdm2	Adult	Adult head
896	SRX287961	dm3	TFs and others	Sfmbt	Adult	Adult head
897	SRX287962	dm3	TFs and others	Sfmbt	Adult	Adult head
898	SRX287965	dm3	Histone	H3K27ac	Adult	Adult head
899	SRX287966	dm3	Histone	H3K27ac	Adult	Adult head
900	SRX287978	dm3	Histone	H3K27me3	Adult	Adult head
901	SRX287986	dm3	Histone	H3K79me2	Adult	Adult head
902	SRX287989	dm3	Histone	H3K79me3	Adult	Adult head
903	SRX287990	dm3	Histone	H3K79me3	Adult	Adult head
904	SRX287993	dm3	TFs and others	HP1c	Embryo	14-16h embryos
905	SRX287994	dm3	TFs and others	HP1c	Embryo	14-16h embryos
906	SRX287997	dm3	Histone	H3K9ac	Adult	Adult head
907	SRX287998	dm3	Histone	H3K9ac	Adult	Adult head
908	SRX288001	dm3	Histone	H3K79me3	Embryo	14-16h embryos
909	SRX288002	dm3	Histone	H3K79me3	Embryo	14-16h embryos
910	SRX288005	dm3	TFs and others	HP1b	Adult	Adult head
911	SRX288006	dm3	TFs and others	HP1b	Adult	Adult head
912	SRX288009	dm3	TFs and others	HP1c	Adult	Adult head
913	SRX288010	dm3	TFs and others	HP1c	Adult	Adult head
914	SRX288013	dm3	TFs and others	Su(var)205	Adult	Adult head
915	SRX288014	dm3	TFs and others	Su(var)205	Adult	Adult head
916	SRX288017	dm3	TFs and others	Su(var)2-HP2	Adult	Adult head
917	SRX288018	dm3	TFs and others	Su(var)2-HP2	Adult	Adult head
918	SRX288021	dm3	TFs and others	Kdm4A	Adult	Adult head
919	SRX288022	dm3	TFs and others	Kdm4A	Adult	Adult head
920	SRX288029	dm3	TFs and others	Pof	Adult	Adult head
921	SRX288030	dm3	TFs and others	Pof	Adult	Adult head
922	SRX288033	dm3	TFs and others	Rpd3	Adult	Adult head
923	SRX288034	dm3	TFs and others	Rpd3	Adult	Adult head
924	SRX288037	dm3	TFs and others	Su(var)3-7	Adult	Adult head
925	SRX288038	dm3	TFs and others	Su(var)3-7	Adult	Adult head
926	SRX288041	dm3	Histone	H3K36me2	Embryo	14-16h embryos
927	SRX288042	dm3	Histone	H3K36me2	Embryo	14-16h embryos
928	SRX288045	dm3	Histone	H3K36me2	Adult	Adult head
929	SRX288046	dm3	Histone	H3K36me2	Adult	Adult head
930	SRX2965244	dm3	TFs and others	TfIIB	Cell line	S2
931	SRX2965246	dm3	TFs and others	TfIIB	Cell line	S2
932	SRX2965248	dm3	TFs and others	TfIIB	Cell line	S2
933	SRX297096	dm3	DNase-seq	DNase-Seq	Cell line	S2
934	SRX297097	dm3	DNase-seq	DNase-Seq	Cell line	S2
935	SRX297098	dm3	DNase-seq	DNase-Seq	Cell line	S2
936	SRX297099	dm3	DNase-seq	DNase-Seq	Cell line	S2
937	SRX300928	dm3	TFs and others	Pc	Cell line	S2R+
938	SRX300929	dm3	TFs and others	Pc	Cell line	S2R+
939	SRX3009512	dm3	RNA polymerase	RNA polymerase II	Cell line	Kc167
940	SRX3009513	dm3	RNA polymerase	RNA polymerase II	Cell line	Kc167
941	SRX3009515	dm3	TFs and others	AGO2	Cell line	Kc167
942	SRX3009516	dm3	TFs and others	AGO2	Cell line	Kc167
943	SRX3009517	dm3	TFs and others	AGO2	Cell line	Kc167
944	SRX3009518	dm3	TFs and others	AGO2	Cell line	Kc167
945	SRX3011227	dm3	TFs and others	abd-A	Cell line	S2
946	SRX3011228	dm3	TFs and others	abd-A	Cell line	S2
947	SRX3011229	dm3	RNA polymerase	RpII33	Cell line	S2
948	SRX3011230	dm3	RNA polymerase	RpII33	Cell line	S2
949	SRX3011231	dm3	RNA polymerase	RpII33	Cell line	S2
950	SRX3011232	dm3	RNA polymerase	RpII33	Cell line	S2
951	SRX3011233	dm3	RNA polymerase	RNA polymerase II	Cell line	S2
952	SRX3011234	dm3	RNA polymerase	RNA polymerase II	Cell line	S2
953	SRX3011235	dm3	RNA polymerase	RNA polymerase II	Cell line	S2
954	SRX3011236	dm3	RNA polymerase	RNA polymerase II	Cell line	S2
955	SRX3011237	dm3	TFs and others	M1BP	Cell line	S2
956	SRX3011238	dm3	TFs and others	M1BP	Cell line	S2
957	SRX3011239	dm3	TFs and others	M1BP	Cell line	S2
958	SRX3011240	dm3	TFs and others	M1BP	Cell line	S2
959	SRX3011241	dm3	TFs and others	Trl	Cell line	S2
960	SRX3011242	dm3	TFs and others	Trl	Cell line	S2
961	SRX3011243	dm3	TFs and others	Trl	Cell line	S2
962	SRX3011244	dm3	TFs and others	Trl	Cell line	S2
963	SRX3011245	dm3	TFs and others	Sce	Cell line	S2
964	SRX3011246	dm3	TFs and others	Sce	Cell line	S2
965	SRX3011247	dm3	TFs and others	Sce	Cell line	S2
966	SRX3011248	dm3	TFs and others	Sce	Cell line	S2
967	SRX3011249	dm3	TFs and others	E(z)	Cell line	S2
968	SRX3011250	dm3	TFs and others	E(z)	Cell line	S2
969	SRX3011251	dm3	TFs and others	E(z)	Cell line	S2
970	SRX3011252	dm3	TFs and others	E(z)	Cell line	S2
971	SRX3011257	dm3	TFs and others	abd-A	Cell line	S2
972	SRX3011258	dm3	TFs and others	abd-A	Cell line	S2
973	SRX3011266	dm3	TFs and others	Ubx	Cell line	S2
974	SRX3011267	dm3	TFs and others	Ubx	Cell line	S2
975	SRX3020531	dm3	TFs and others	BRWD3	Cell line	S2
976	SRX3020533	dm3	Histone	H3K27ac	Cell line	S2
977	SRX3020534	dm3	Histone	H3K27ac	Cell line	S2
978	SRX3020535	dm3	Histone	H3K27ac	Cell line	S2
979	SRX3020536	dm3	Histone	H3K27ac	Cell line	S2
980	SRX3020537	dm3	Histone	H3K27ac	Cell line	S2
981	SRX3020538	dm3	Histone	H3K27ac	Cell line	S2
982	SRX3020539	dm3	Histone	H3K4me1	Cell line	S2
983	SRX3020540	dm3	Histone	H3K4me1	Cell line	S2
984	SRX3020541	dm3	Histone	H3K4me1	Cell line	S2
985	SRX3020542	dm3	Histone	H3K4me1	Cell line	S2
986	SRX3020543	dm3	Histone	H3K4me1	Cell line	S2
987	SRX3020544	dm3	Histone	H3K4me1	Cell line	S2
988	SRX3020545	dm3	Histone	H3K4me3	Cell line	S2
989	SRX3020546	dm3	Histone	H3K4me3	Cell line	S2
990	SRX3020547	dm3	Histone	H3K4me3	Cell line	S2
991	SRX3020548	dm3	Histone	H3K4me3	Cell line	S2
992	SRX3020549	dm3	Histone	H3K4me3	Cell line	S2
993	SRX3020550	dm3	Histone	H3K4me3	Cell line	S2
994	SRX3049401	dm3	TFs and others	Rbf	Adult	Flight muscles
995	SRX3049402	dm3	TFs and others	Rbf	Adult	Flight muscles
996	SRX306190	dm3	TFs and others	Ice1	Cell line	S2
997	SRX306191	dm3	RNA polymerase	RpII215	Cell line	S2
998	SRX306193	dm3	TFs and others	Ice1	Cell line	S2
999	SRX306194	dm3	RNA polymerase	RpII215	Cell line	S2
1000	SRX306196	dm3	TFs and others	Ice1	Cell line	S2
1001	SRX306197	dm3	RNA polymerase	RpII215	Cell line	S2
1002	SRX306199	dm3	RNA polymerase	RpII215	Cell line	S2
1003	SRX306201	dm3	RNA polymerase	RpII215	Cell line	S2
1004	SRX3087198	dm3	RNA polymerase	RpII33	Cell line	S2
1005	SRX3087199	dm3	RNA polymerase	RpII33	Cell line	S2
1006	SRX3087200	dm3	RNA polymerase	RpII215	Cell line	S2
1007	SRX3087201	dm3	RNA polymerase	RpII215	Cell line	S2
1008	SRX3087202	dm3	RNA polymerase	RpII215	Cell line	S2
1009	SRX3087203	dm3	RNA polymerase	RpII215	Cell line	S2
1010	SRX3088628	dm3	TFs and others	grh	Embryo	13-16h embryos
1011	SRX3146121	dm3	TFs and others	BigH1	Embryo	0-2h embryos
1012	SRX315132	dm3	RNA polymerase	RNA polymerase II	Cell line	OSC
1013	SRX315133	dm3	RNA polymerase	RNA polymerase II	Cell line	OSC
1014	SRX315134	dm3	RNA polymerase	RNA polymerase II	Cell line	OSC
1015	SRX315135	dm3	RNA polymerase	RNA polymerase II	Cell line	OSC
1016	SRX3159471	dm3	Histone	H3K9ac	Embryo	1-3h embryos
1017	SRX3159472	dm3	Histone	H3K9ac	Embryo	1-3h embryos
1018	SRX3159473	dm3	Histone	H2Bub	Embryo	1-3h embryos
1019	SRX3159474	dm3	Histone	H2Bub	Embryo	1-3h embryos
1020	SRX3159480	dm3	TFs and others	Ada2b	Embryo	1-3h embryos
1021	SRX3159488	dm3	Histone	H3K9ac	Embryo	1-3h embryos
1022	SRX3159489	dm3	Histone	H3K9ac	Embryo	1-3h embryos
1023	SRX3159490	dm3	Histone	H2Bub	Embryo	1-3h embryos
1024	SRX3159491	dm3	Histone	H2Bub	Embryo	1-3h embryos
1025	SRX3159492	dm3	Histone	H2Bub	Embryo	1-3h embryos
1026	SRX3166314	dm3	Histone	H3K9me3	Adult	Ovary
1027	SRX3166315	dm3	Histone	H3K9me3	Adult	Ovary
1028	SRX3166316	dm3	Histone	H3K9me3	Adult	Ovary
1029	SRX3166317	dm3	Histone	H3K9me3	Adult	Ovary
1030	SRX3170975	dm3	Histone	H3K27me3	Cell line	S2
1031	SRX3170978	dm3	Histone	H3K36me3	Cell line	S2
1032	SRX3176344	dm3	TFs and others	bcd	Embryo	1-3h embryos
1033	SRX318780	dm3	TFs and others	Sfmbt	Larvae	3rd instar
1034	SRX318781	dm3	TFs and others	Sfmbt	Larvae	3rd instar
1035	SRX318788	dm3	Histone	H3K9ac	Larvae	3rd instar
1036	SRX318789	dm3	Histone	H3K9ac	Larvae	3rd instar
1037	SRX318792	dm3	TFs and others	HP1b	Larvae	3rd instar
1038	SRX318793	dm3	TFs and others	HP1b	Larvae	3rd instar
1039	SRX318796	dm3	RNA polymerase	RNA polymerase II	Cell line	Kc167
1040	SRX318797	dm3	RNA polymerase	RNA polymerase II	Cell line	Kc167
1041	SRX318800	dm3	RNA polymerase	RNA polymerase II	Larvae	Dorsal mesothoracic disc
1042	SRX318801	dm3	RNA polymerase	RNA polymerase II	Larvae	Dorsal mesothoracic disc
1043	SRX318811	dm3	RNA polymerase	RpII33	Cell line	OSC
1044	SRX319055	dm3	Histone	H3K4me1	Larvae	3rd instar
1045	SRX319056	dm3	Histone	H3K27ac	Larvae	3rd instar
1046	SRX319057	dm3	Histone	H3K4me1	Larvae	Eye discs
1047	SRX319058	dm3	Histone	H3K27ac	Larvae	Eye discs
1048	SRX326965	dm3	TFs and others	woc	Cell line	S2
1049	SRX326966	dm3	TFs and others	row	Cell line	S2
1050	SRX326967	dm3	TFs and others	pzg	Cell line	S2
1051	SRX326970	dm3	TFs and others	HP1c	Cell line	S2
1052	SRX326971	dm3	TFs and others	Ubqn	Cell line	S2
1053	SRX3270980	dm3	TFs and others	dl	Embryo	2-4h embryos
1054	SRX3270981	dm3	TFs and others	cic	Embryo	2-4h embryos
1055	SRX3270982	dm3	TFs and others	cic	Embryo	2-4h embryos
1056	SRX3270985	dm3	TFs and others	cic	Embryo	2-4h embryos
1057	SRX3270986	dm3	TFs and others	cic	Embryo	2-4h embryos
1058	SRX3287351	dm3	TFs and others	M1BP	Cell line	S2R+
1059	SRX3287353	dm3	TFs and others	gfzf	Cell line	S2R+
1060	SRX3287355	dm3	TFs and others	gfzf	Cell line	S2R+
1061	SRX3293405	dm3	TFs and others	PCID2	Embryo	0-24h embryos
1062	SRX331367	dm3	Histone	H2Bub	Larvae	3rd instar
1063	SRX331368	dm3	Histone	H2Bub	Larvae	3rd instar
1064	SRX331371	dm3	Histone	H3K27ac	Larvae	3rd instar
1065	SRX331372	dm3	Histone	H3K27ac	Larvae	3rd instar
1066	SRX331379	dm3	Histone	H3K27me3	Larvae	3rd instar
1067	SRX331380	dm3	Histone	H3K27me3	Larvae	3rd instar
1068	SRX331383	dm3	Histone	H3K4me3	Larvae	3rd instar
1069	SRX331384	dm3	Histone	H3K4me3	Larvae	3rd instar
1070	SRX331391	dm3	Histone	H3K79me2	Larvae	3rd instar
1071	SRX331392	dm3	Histone	H3K79me2	Larvae	3rd instar
1072	SRX331395	dm3	Histone	H3K79me3	Larvae	3rd instar
1073	SRX331396	dm3	Histone	H3K79me3	Larvae	3rd instar
1074	SRX331399	dm3	TFs and others	HP1c	Larvae	3rd instar
1075	SRX331400	dm3	TFs and others	HP1c	Larvae	3rd instar
1076	SRX331403	dm3	TFs and others	Su(var)3-9	Larvae	3rd instar
1077	SRX331407	dm3	Histone	H4K16ac	Larvae	3rd instar
1078	SRX331408	dm3	Histone	H4K16ac	Larvae	3rd instar
1079	SRX331415	dm3	RNA polymerase	RNA polymerase II	Cell line	Kc167
1080	SRX331416	dm3	RNA polymerase	RNA polymerase II	Cell line	Kc167
1081	SRX331419	dm3	RNA polymerase	RNA polymerase II	Cell line	Kc167
1082	SRX331420	dm3	RNA polymerase	RNA polymerase II	Cell line	Kc167
1083	SRX331423	dm3	RNA polymerase	RNA polymerase II	Larvae	Dorsal mesothoracic disc
1084	SRX331424	dm3	RNA polymerase	RNA polymerase II	Larvae	Dorsal mesothoracic disc
1085	SRX331427	dm3	RNA polymerase	RNA polymerase II	Larvae	Dorsal mesothoracic disc
1086	SRX331428	dm3	RNA polymerase	RNA polymerase II	Larvae	Dorsal mesothoracic disc
1087	SRX335495	dm3	TFs and others	Myc	Cell line	Kc167
1088	SRX335496	dm3	TFs and others	Myc	Cell line	Kc167
1089	SRX335515	dm3	TFs and others	CG8478	Cell line	S2
1090	SRX3380787	dm3	TFs and others	Br140	Embryo	12-24h embryos
1091	SRX3380789	dm3	TFs and others	Br140	Embryo	12-24h embryos
1092	SRX3380795	dm3	TFs and others	fs(1)h	Embryo	12-24h embryos
1093	SRX3380797	dm3	TFs and others	Br140	Cell line	S2
1094	SRX3380799	dm3	TFs and others	fs(1)h	Cell line	S2
1095	SRX3380801	dm3	TFs and others	fs(1)h	Cell line	S2
1096	SRX3380803	dm3	Histone	H3K27ac	Larvae	Imaginal leg disc
1097	SRX3380805	dm3	Histone	H3K27ac	Larvae	Imaginal leg disc
1098	SRX3380806	dm3	Histone	H3K27ac	Larvae	Imaginal leg disc
1099	SRX3380807	dm3	Histone	H3K27ac	Larvae	Imaginal leg disc
1100	SRX3380811	dm3	Histone	H3K27ac	Larvae	Imaginal wing disc
1101	SRX3380813	dm3	Histone	H3K27me3	Larvae	Imaginal wing disc
1102	SRX3404010	dm3	TFs and others	Clamp	Cell line	S2
1103	SRX3404011	dm3	TFs and others	Trl	Cell line	S2
1104	SRX3404012	dm3	TFs and others	msl-3	Cell line	S2
1105	SRX3404014	dm3	TFs and others	Clamp	Cell line	S2
1106	SRX3404015	dm3	TFs and others	Trl	Cell line	S2
1107	SRX3404016	dm3	TFs and others	msl-3	Cell line	S2
1108	SRX3404019	dm3	TFs and others	Trl	Cell line	S2
1109	SRX3404022	dm3	TFs and others	Clamp	Cell line	S2
1110	SRX3404026	dm3	TFs and others	Clamp	Cell line	S2
1111	SRX3404027	dm3	TFs and others	Trl	Cell line	S2
1112	SRX3404028	dm3	TFs and others	msl-3	Cell line	S2
1113	SRX3404030	dm3	TFs and others	Clamp	Cell line	S2
1114	SRX3404031	dm3	TFs and others	Trl	Cell line	S2
1115	SRX3404032	dm3	TFs and others	msl-3	Cell line	S2
1116	SRX3404036	dm3	TFs and others	msl-3	Cell line	S2
1117	SRX3404042	dm3	TFs and others	Clamp	Cell line	S2
1118	SRX3404043	dm3	TFs and others	Trl	Cell line	S2
1119	SRX3404044	dm3	TFs and others	msl-3	Cell line	S2
1120	SRX3404046	dm3	TFs and others	Clamp	Cell line	S2
1121	SRX3404047	dm3	TFs and others	Trl	Cell line	S2
1122	SRX3404048	dm3	TFs and others	msl-3	Cell line	S2
1123	SRX3404051	dm3	TFs and others	Trl	Cell line	S2
1124	SRX3404052	dm3	TFs and others	msl-3	Cell line	S2
1125	SRX3404055	dm3	DNase-seq	DNase-Seq	Embryo	6-8h embryos
1126	SRX3404056	dm3	DNase-seq	DNase-Seq	Embryo	6-8h embryos
1127	SRX3404057	dm3	DNase-seq	DNase-Seq	Embryo	6-8h embryos
1128	SRX348461	dm3	TFs and others	bcd	Embryo	Blastoderm
1129	SRX348462	dm3	TFs and others	bcd	Embryo	Blastoderm
1130	SRX348463	dm3	TFs and others	gt	Embryo	Blastoderm
1131	SRX348465	dm3	TFs and others	hb	Embryo	Blastoderm
1132	SRX348466	dm3	TFs and others	hb	Embryo	Blastoderm
1133	SRX348467	dm3	TFs and others	Kr	Embryo	Blastoderm
1134	SRX348468	dm3	TFs and others	Kr	Embryo	Blastoderm
1135	SRX3511940	dm3	Histone	H3K27me3	Embryo	Embryos
1136	SRX3511946	dm3	Histone	H3K27me3	Embryo	Embryos
1137	SRX359797	dm3	TFs and others	AGO2	Cell line	S2
1138	SRX359798	dm3	TFs and others	AGO2	Cell line	S2
1139	SRX3630320	dm3	Histone	H3K9me3	Adult	Ovary
1140	SRX3630322	dm3	Histone	H3K9me3	Adult	Ovary
1141	SRX3630324	dm3	Histone	H3K9me3	Adult	Ovary
1142	SRX3630326	dm3	Histone	H3K9me3	Adult	Ovary
1143	SRX3630328	dm3	Histone	H3K9me3	Adult	Ovary
1144	SRX3630330	dm3	Histone	H3K9me3	Adult	Ovary
1145	SRX3632886	dm3	Histone	H3K36me3	Larvae	3rd instar
1146	SRX3632889	dm3	Histone	H3	Larvae	3rd instar
1147	SRX3632901	dm3	Histone	H4K16ac	Larvae	3rd instar
1148	SRX3632904	dm3	Histone	H4K16ac	Larvae	3rd instar
1149	SRX3632905	dm3	Histone	H3K36me3	Larvae	3rd instar
1150	SRX3632908	dm3	Histone	H3	Larvae	3rd instar
1151	SRX3632920	dm3	Histone	H4K16ac	Larvae	3rd instar
1152	SRX3632923	dm3	Histone	H4K16ac	Larvae	3rd instar
1153	SRX365696	dm3	TFs and others	Cp190	Cell line	Kc167
1154	SRX365699	dm3	TFs and others	mod(mdg4)	Cell line	Kc167
1155	SRX365700	dm3	TFs and others	mod(mdg4)	Cell line	Kc167
1156	SRX365701	dm3	TFs and others	rump	Cell line	Kc167
1157	SRX365702	dm3	TFs and others	rump	Cell line	Kc167
1158	SRX365703	dm3	TFs and others	shep	Cell line	Kc167
1159	SRX365704	dm3	TFs and others	shep	Cell line	Kc167
1160	SRX365705	dm3	TFs and others	su(Hw)	Cell line	Kc167
1161	SRX367039	dm3	Histone	H3	Cell line	S2
1162	SRX367040	dm3	Histone	H3	Cell line	S2
1163	SRX367041	dm3	Histone	H3	Cell line	S2
1164	SRX372806	dm3	TFs and others	Tbp	Embryo	2-4h embryos
1165	SRX372807	dm3	TFs and others	Tbp	Embryo	2-4h embryos
1166	SRX372808	dm3	TFs and others	Trf2	Embryo	2-4h embryos
1167	SRX372809	dm3	TFs and others	Trf2	Embryo	2-4h embryos
1168	SRX375353	dm3	TFs and others	Cp190	Larvae	3rd instar
1169	SRX375355	dm3	TFs and others	Cp190	Larvae	3rd instar
1170	SRX385807	dm3	TFs and others	Cp190	Cell line	S2
1171	SRX385808	dm3	TFs and others	Cp190	Cell line	S2
1172	SRX385810	dm3	TFs and others	Cp190	Cell line	S2
1173	SRX3873733	dm3	RNA polymerase	RNA polymerase II	Cell line	S2
1174	SRX3873734	dm3	RNA polymerase	RNA polymerase II	Cell line	S2
1175	SRX3873735	dm3	RNA polymerase	RNA polymerase II	Cell line	S2
1176	SRX3873736	dm3	RNA polymerase	RNA polymerase II	Cell line	S2
1177	SRX3873745	dm3	RNA polymerase	RNA polymerase II	Cell line	S2
1178	SRX3873746	dm3	RNA polymerase	RNA polymerase II	Cell line	S2
1179	SRX3873747	dm3	RNA polymerase	RNA polymerase II	Cell line	S2
1180	SRX3873748	dm3	RNA polymerase	RNA polymerase II	Cell line	S2
1181	SRX3876114	dm3	Histone	H3K4me3	Larvae	Larval brain
1182	SRX3876115	dm3	Histone	H3K4me3	Larvae	Larval brain
1183	SRX3876116	dm3	Histone	H3K9me3	Larvae	Larval brain
1184	SRX3876117	dm3	Histone	H3K9me3	Larvae	Larval brain
1185	SRX3876118	dm3	Histone	H3K4me3	Larvae	Larval brain
1186	SRX3876119	dm3	Histone	H3K4me3	Larvae	Larval brain
1187	SRX3876120	dm3	Histone	H3K9me3	Larvae	Larval brain
1188	SRX3876121	dm3	Histone	H3K9me3	Larvae	Larval brain
1189	SRX3876122	dm3	Histone	H3K4me3	Larvae	Neural stem cells
1190	SRX3876123	dm3	Histone	H3K4me3	Larvae	Neural stem cells
1191	SRX3876124	dm3	Histone	H3K4me3	Larvae	Neural stem cells
1192	SRX3876125	dm3	Histone	H3K4me3	Larvae	Neural stem cells
1193	SRX403437	dm3	Histone	H3K9me2	Adult	Adult head
1194	SRX4047176	dm3	TFs and others	aop	Embryo	7h embryos
1195	SRX4047180	dm3	TFs and others	gro	Embryo	7h embryos
1196	SRX4279648	dm3	Histone	H3K9me3	Adult	Ovary
1197	SRX4279649	dm3	Histone	H3K9me3	Adult	Ovary
1198	SRX4279652	dm3	TFs and others	rhi	Adult	Ovary
1199	SRX4279653	dm3	TFs and others	rhi	Adult	Ovary
1200	SRX4279657	dm3	Histone	H3K9me3	Adult	Ovary
1201	SRX4279658	dm3	Histone	H3K9me3	Adult	Ovary
1202	SRX4279659	dm3	TFs and others	rhi	Adult	Ovary
1203	SRX4279662	dm3	TFs and others	rhi	Adult	Ovary
1204	SRX4279665	dm3	TFs and others	rhi	Adult	Ovary
1205	SRX4279671	dm3	Histone	H3K9me3	Adult	Ovary
1206	SRX4279675	dm3	TFs and others	rhi	Adult	Ovary
1207	SRX4279676	dm3	TFs and others	rhi	Adult	Ovary
1208	SRX4279679	dm3	TFs and others	rhi	Adult	Ovary
1209	SRX4279680	dm3	TFs and others	rhi	Adult	Ovary
1210	SRX4279684	dm3	Histone	H3K9me3	Adult	Ovary
1211	SRX4279685	dm3	TFs and others	rhi	Adult	Ovary
1212	SRX4279686	dm3	TFs and others	rhi	Adult	Ovary
1213	SRX4279687	dm3	TFs and others	rhi	Adult	Ovary
1214	SRX4279688	dm3	TFs and others	rhi	Adult	Ovary
1215	SRX4279689	dm3	TFs and others	rhi	Adult	Ovary
1216	SRX4279690	dm3	TFs and others	rhi	Adult	Ovary
1217	SRX4279698	dm3	TFs and others	rhi	Adult	Ovary
1218	SRX4315038	dm3	RNA polymerase	RNA polymerase II	Adult	Ovary
1219	SRX4315040	dm3	TFs and others	Act5C	Adult	Ovary
1220	SRX4315043	dm3	RNA polymerase	RNA polymerase II	Adult	Ovary
1221	SRX4315044	dm3	TFs and others	Act5C	Adult	Ovary
1222	SRX4315045	dm3	TFs and others	Act5C	Adult	Ovary
1223	SRX4315046	dm3	TFs and others	Act5C	Adult	Ovary
1224	SRX4315047	dm3	TFs and others	Act5C	Adult	Ovary
1225	SRX4315048	dm3	Histone	H3K4me3	Adult	Ovary
1226	SRX4315049	dm3	Histone	H3K4me3	Adult	Ovary
1227	SRX4315053	dm3	RNA polymerase	RNA polymerase II	Adult	Ovary
1228	SRX4315054	dm3	RNA polymerase	RNA polymerase II	Adult	Ovary
1229	SRX4315055	dm3	RNA polymerase	RNA polymerase II	Adult	Ovary
1230	SRX4315056	dm3	RNA polymerase	RNA polymerase II	Adult	Ovary
1231	SRX4375822	dm3	TFs and others	Nelf-E	Cell line	Kc167
1232	SRX4375823	dm3	TFs and others	Nelf-E	Cell line	Kc167
1233	SRX4375830	dm3	RNA polymerase	RNA polymerase II	Cell line	Kc167
1234	SRX4375832	dm3	RNA polymerase	RNA polymerase II	Cell line	Kc167
1235	SRX4375835	dm3	RNA polymerase	RNA polymerase II	Cell line	Kc167
1236	SRX4375842	dm3	RNA polymerase	RNA polymerase II	Cell line	Kc167
1237	SRX4375843	dm3	RNA polymerase	RNA polymerase II	Cell line	Kc167
1238	SRX4375844	dm3	RNA polymerase	RNA polymerase II	Cell line	Kc167
1239	SRX4375845	dm3	RNA polymerase	RNA polymerase II	Cell line	Kc167
1240	SRX4375846	dm3	RNA polymerase	RNA polymerase II	Cell line	Kc167
1241	SRX4375847	dm3	RNA polymerase	RNA polymerase II	Cell line	Kc167
1242	SRX4375854	dm3	RNA polymerase	RNA polymerase II	Cell line	Kc167
1243	SRX4375855	dm3	RNA polymerase	RNA polymerase II	Cell line	Kc167
1244	SRX4375856	dm3	RNA polymerase	RNA polymerase II	Cell line	Kc167
1245	SRX4375857	dm3	RNA polymerase	RNA polymerase II	Cell line	Kc167
1246	SRX4375858	dm3	RNA polymerase	RNA polymerase II	Cell line	Kc167
1247	SRX4375859	dm3	RNA polymerase	RNA polymerase II	Cell line	Kc167
1248	SRX4375870	dm3	TFs and others	AGO2	Cell line	Kc167
1249	SRX4375872	dm3	TFs and others	AGO2	Cell line	Kc167
1250	SRX4375873	dm3	TFs and others	AGO2	Cell line	Kc167
1251	SRX447392	dm3	TFs and others	pita	Cell line	S2
1252	SRX447393	dm3	TFs and others	ZIPIC	Cell line	S2
1253	SRX450788	dm3	TFs and others	JIL-1	Larvae	Salivary glands
1254	SRX450789	dm3	TFs and others	JIL-1	Larvae	Salivary glands
1255	SRX4520670	dm3	TFs and others	Hmr	Cell line	S2
1256	SRX4520673	dm3	TFs and others	Hmr	Cell line	S2
1257	SRX4520674	dm3	TFs and others	Hmr	Cell line	S2
1258	SRX457597	dm3	TFs and others	yki	Larvae	Eye-antennal discs
1259	SRX457600	dm3	RNA polymerase	RNA polymerase II	Larvae	Eye-antennal discs
1260	SRX4639142	dm3	TFs and others	Clamp	Embryo	Embryos
1261	SRX4639143	dm3	TFs and others	Clamp	Embryo	Embryos
1262	SRX4639144	dm3	TFs and others	Clamp	Embryo	Embryos
1263	SRX4639145	dm3	TFs and others	Clamp	Embryo	Embryos
1264	SRX4639146	dm3	TFs and others	Clamp	Embryo	Embryos
1265	SRX4639147	dm3	TFs and others	Clamp	Embryo	Embryos
1266	SRX4639148	dm3	TFs and others	Clamp	Embryo	Embryos
1267	SRX4639149	dm3	TFs and others	Clamp	Embryo	Embryos
1268	SRX4664640	dm3	TFs and others	Clamp	Cell line	S2
1269	SRX4664641	dm3	TFs and others	Clamp	Cell line	S2
1270	SRX4664642	dm3	TFs and others	Clamp	Cell line	S2
1271	SRX4664643	dm3	TFs and others	Clamp	Cell line	S2
1272	SRX4664644	dm3	TFs and others	Clamp	Cell line	S2
1273	SRX4664645	dm3	TFs and others	Clamp	Cell line	S2
1274	SRX4664646	dm3	TFs and others	Clamp	Cell line	S2
1275	SRX4664647	dm3	TFs and others	Clamp	Cell line	S2
1276	SRX4664648	dm3	TFs and others	Clamp	Cell line	S2
1277	SRX4664649	dm3	TFs and others	Clamp	Cell line	S2
1278	SRX4664660	dm3	TFs and others	msl-2	Cell line	S2
1279	SRX4664661	dm3	TFs and others	msl-2	Cell line	S2
1280	SRX4664662	dm3	TFs and others	msl-2	Cell line	S2
1281	SRX4664663	dm3	TFs and others	msl-2	Cell line	S2
1282	SRX4664664	dm3	TFs and others	msl-2	Cell line	S2
1283	SRX4664665	dm3	TFs and others	msl-2	Cell line	S2
1284	SRX4664666	dm3	TFs and others	msl-2	Cell line	S2
1285	SRX4664667	dm3	TFs and others	msl-2	Cell line	S2
1286	SRX4664668	dm3	TFs and others	msl-2	Cell line	S2
1287	SRX4664669	dm3	TFs and others	msl-2	Cell line	S2
1288	SRX467030	dm3	TFs and others	lola-PJ	Embryo	0-12h embryos
1289	SRX467060	dm3	TFs and others	pan	Larvae	3rd instar
1290	SRX467061	dm3	TFs and others	pan	Larvae	3rd instar
1291	SRX467066	dm3	TFs and others	pan	Pupae	White prepupae
1292	SRX467097	dm3	TFs and others	BEAF-32	Embryo	14-16h embryos
1293	SRX467098	dm3	TFs and others	BEAF-32	Embryo	14-16h embryos
1294	SRX467101	dm3	TFs and others	Kdm4A	Larvae	3rd instar
1295	SRX467102	dm3	TFs and others	Kdm4A	Larvae	3rd instar
1296	SRX467106	dm3	TFs and others	Pof	Larvae	3rd instar
1297	SRX467109	dm3	TFs and others	SMC3	Larvae	3rd instar
1298	SRX467110	dm3	TFs and others	SMC3	Larvae	3rd instar
1299	SRX467113	dm3	Histone	H2A.V	Cell line	S2-DRSC
1300	SRX467114	dm3	Histone	H2A.V	Cell line	S2-DRSC
1301	SRX467117	dm3	Histone	H2A.V	Cell line	S2-DRSC
1302	SRX467118	dm3	Histone	H2A.V	Cell line	S2-DRSC
1303	SRX467121	dm3	Histone	H3K36me2	Cell line	ML-DmBG3-c2
1304	SRX467122	dm3	Histone	H3K36me2	Cell line	ML-DmBG3-c2
1305	SRX471885	dm3	Histone	H3K4me3	Embryo	14-16h embryos
1306	SRX474520	dm3	TFs and others	bcd	Embryo	1-3h embryos
1307	SRX474521	dm3	TFs and others	bcd	Embryo	1-3h embryos
1308	SRX474524	dm3	TFs and others	bcd	Embryo	1-3h embryos
1309	SRX474525	dm3	TFs and others	bcd	Embryo	1-3h embryos
1310	SRX474566	dm3	Histone	H3K27me3	Embryo	5-13h embryos
1311	SRX474567	dm3	Histone	H3K27me3	Embryo	Parasegment 4
1312	SRX474571	dm3	Histone	H3K27me3	Embryo	Parasegment 6
1313	SRX474573	dm3	Histone	H3K27me3	Embryo	Parasegment 7
1314	SRX474574	dm3	Histone	H3K27me3	Embryo	Parasegment 7
1315	SRX474576	dm3	TFs and others	CTCF	Embryo	5-13h embryos
1316	SRX474577	dm3	TFs and others	CTCF	Embryo	5-13h embryos
1317	SRX474578	dm3	TFs and others	CTCF	Embryo	5-13h embryos
1318	SRX474579	dm3	Histone	H3K27ac	Embryo	5-13h embryos
1319	SRX474582	dm3	Histone	H3K27ac	Embryo	Parasegment 7
1320	SRX474583	dm3	Histone	H3K4me3	Embryo	5-13h embryos
1321	SRX474584	dm3	Histone	H3K4me3	Embryo	5-13h embryos
1322	SRX474585	dm3	Histone	H3K4me3	Embryo	Parasegment 7
1323	SRX474586	dm3	Histone	H3K4me3	Embryo	Parasegment 7
1324	SRX474587	dm3	TFs and others	ph-d	Embryo	5-13h embryos
1325	SRX474588	dm3	TFs and others	ph-d	Embryo	5-13h embryos
1326	SRX474589	dm3	TFs and others	ph-d	Embryo	Parasegment 7
1327	SRX474590	dm3	TFs and others	ph-d	Embryo	Parasegment 7
1328	SRX475420	dm3	TFs and others	smt3	Cell line	S2
1329	SRX475422	dm3	TFs and others	velo	Cell line	S2
1330	SRX475423	dm3	TFs and others	velo	Cell line	S2
1331	SRX475424	dm3	TFs and others	Pc	Cell line	S2
1332	SRX475425	dm3	TFs and others	Pc	Cell line	S2
1333	SRX481094	dm3	Histone	H3K4me2	Embryo	14-16h embryos
1334	SRX481130	dm3	Histone	H3K9ac	Embryo	14-16h embryos
1335	SRX482857	dm3	TFs and others	dl	Embryo	Embryos
1336	SRX482858	dm3	TFs and others	Max	Cell line	S2
1337	SRX485202	dm3	TFs and others	rhi	Adult	Ovary
1338	SRX485203	dm3	TFs and others	rhi	Adult	Ovary
1339	SRX485204	dm3	TFs and others	rhi	Adult	Ovary
1340	SRX485206	dm3	TFs and others	rhi	Adult	Ovary
1341	SRX485207	dm3	TFs and others	rhi	Adult	Ovary
1342	SRX485208	dm3	TFs and others	rhi	Adult	Ovary
1343	SRX485213	dm3	Histone	H3K9me3	Adult	Ovary
1344	SRX485214	dm3	Histone	H3K9me3	Adult	Ovary
1345	SRX485215	dm3	Histone	H3K9me3	Adult	Ovary
1346	SRX485216	dm3	Histone	H3K9me3	Adult	Ovary
1347	SRX485217	dm3	Histone	H3K9me3	Adult	Ovary
1348	SRX485218	dm3	Histone	H3K9me3	Adult	Ovary
1349	SRX485219	dm3	RNA polymerase	RNA polymerase II	Adult	Ovary
1350	SRX485220	dm3	RNA polymerase	RNA polymerase II	Adult	Ovary
1351	SRX485221	dm3	Histone	H3K4me2	Adult	Ovary
1352	SRX485222	dm3	Histone	H3K4me2	Adult	Ovary
1353	SRX490733	dm3	Histone	H2A.V	Larvae	Salivary glands
1354	SRX4940249	dm3	Histone	H3K4me3	Larvae	3rd instar
1355	SRX4940251	dm3	Histone	H3K4me3	Larvae	3rd instar
1356	SRX495249	dm3	TFs and others	usp	Pupae	White prepupae
1357	SRX495269	dm3	TFs and others	CG8478	Cell line	S2-DRSC
1358	SRX495306	dm3	TFs and others	N	Larvae	3rd instar
1359	SRX495311	dm3	TFs and others	Trl	Embryo	8-16h embryos
1360	SRX495312	dm3	TFs and others	Trl	Embryo	8-16h embryos
1361	SRX495313	dm3	TFs and others	Trl	Embryo	8-16h embryos
1362	SRX495777	dm3	TFs and others	Su(var)205	Embryo	8-16h embryos
1363	SRX495786	dm3	TFs and others	Myc	Cell line	Kc167
1364	SRX495790	dm3	TFs and others	Myc	Cell line	S2-DRSC
1365	SRX507379	dm3	TFs and others	Su(var)205	Adult	Ovary
1366	SRX507380	dm3	TFs and others	Su(var)205	Adult	Ovary
1367	SRX507382	dm3	Histone	H3K9me3	Adult	Ovary
1368	SRX507383	dm3	Histone	H3K4me2	Adult	Ovary
1369	SRX507384	dm3	Histone	H3K4me2	Adult	Ovary
1370	SRX507387	dm3	TFs and others	Su(var)205	Adult	Ovary
1371	SRX507388	dm3	TFs and others	Su(var)205	Adult	Ovary
1372	SRX507389	dm3	Histone	H3K9me3	Adult	Ovary
1373	SRX507390	dm3	Histone	H3K9me3	Adult	Ovary
1374	SRX507391	dm3	Histone	H3K4me2	Adult	Ovary
1375	SRX507392	dm3	Histone	H3K4me2	Adult	Ovary
1376	SRX511344	dm3	TFs and others	CG7099	Cell line	Kc167
1377	SRX511345	dm3	TFs and others	vtd	Cell line	Kc167
1378	SRX511346	dm3	TFs and others	Cap-H2	Cell line	Kc167
1379	SRX511347	dm3	TFs and others	Cp190	Cell line	Kc167
1380	SRX512267	dm3	Histone	H3K27me3	Larvae	Eye discs
1381	SRX512269	dm3	Histone	H3K9ac	Larvae	3rd instar
1382	SRX529166	dm3	Histone	H3K36me2	Cell line	S2
1383	SRX529167	dm3	Histone	H3K36me3	Cell line	S2
1384	SRX529168	dm3	RNA polymerase	RNA polymerase II	Cell line	S2
1385	SRX643410	dm3	Histone	H2A.V	Cell line	S2
1386	SRX643412	dm3	Histone	H2A.V	Cell line	S2
1387	SRX643413	dm3	Histone	H2A.V	Cell line	S2
1388	SRX643414	dm3	Histone	H2A.V	Cell line	S2
1389	SRX643415	dm3	Histone	H2A.V	Cell line	S2
1390	SRX645099	dm3	Histone	H4K5ac	Embryo	Mitotic cycle 7-9
1391	SRX645101	dm3	Histone	H4K5ac	Embryo	Mitotic cycle 14
1392	SRX645102	dm3	Histone	H4K5ac	Embryo	Mitotic cycle 14
1393	SRX645103	dm3	Histone	H4K8ac	Embryo	Mitotic cycle 7-9
1394	SRX645108	dm3	Histone	H3K18ac	Embryo	Mitotic cycle 11-13
1395	SRX645109	dm3	Histone	H3K18ac	Embryo	Mitotic cycle 14
1396	SRX645110	dm3	Histone	H3K18ac	Embryo	Mitotic cycle 14
1397	SRX645113	dm3	Histone	H3K27ac	Embryo	Mitotic cycle 14
1398	SRX645114	dm3	Histone	H3K27ac	Embryo	Mitotic cycle 14
1399	SRX645118	dm3	Histone	H3K4me1	Embryo	Mitotic cycle 14
1400	SRX645121	dm3	Histone	H3K4me3	Embryo	Mitotic cycle 14
1401	SRX645122	dm3	Histone	H3K4me3	Embryo	Mitotic cycle 14
1402	SRX645124	dm3	Histone	H3K9ac	Embryo	Mitotic cycle 11-13
1403	SRX645125	dm3	Histone	H3K9ac	Embryo	Mitotic cycle 14
1404	SRX645126	dm3	Histone	H3K9ac	Embryo	Mitotic cycle 14
1405	SRX645427	dm3	TFs and others	CTCF	Larvae	Eye-antennal discs
1406	SRX647436	dm3	TFs and others	vfl	Embryo	Mitotic cycle 12-14
1407	SRX647437	dm3	TFs and others	vfl	Embryo	Mitotic cycle 12-14
1408	SRX647442	dm3	Histone	H3K18ac	Embryo	Mitotic cycle 12-14
1409	SRX647443	dm3	Histone	H3K18ac	Embryo	Mitotic cycle 12-14
1410	SRX647915	dm3	TFs and others	E(z)	Embryo	0-16h embryos
1411	SRX661062	dm3	TFs and others	Su(H)	Embryo	2-4h embryos
1412	SRX661064	dm3	TFs and others	Su(H)	Embryo	2-4h embryos
1413	SRX661065	dm3	TFs and others	Su(H)	Embryo	2-4h embryos
1414	SRX661498	dm3	Histone	H3K4me1	Larvae	Imaginal wing disc
1415	SRX661499	dm3	Histone	H3K4me2	Larvae	Imaginal wing disc
1416	SRX661500	dm3	Histone	H3K27me3	Larvae	Imaginal wing disc
1417	SRX661501	dm3	Histone	H3K27ac	Larvae	Imaginal wing disc
1418	SRX661502	dm3	Histone	H3K79me1	Larvae	Imaginal wing disc
1419	SRX661503	dm3	RNA polymerase	RNA polymerase II	Larvae	Imaginal wing disc
1420	SRX669641	dm3	Histone	H3K79me2	Cell line	S2
1421	SRX671941	dm3	TFs and others	CTCF	Embryo	5-13h embryos
1422	SRX671942	dm3	RNA polymerase	RNA polymerase II	Embryo	Parasegment 7
1423	SRX671943	dm3	RNA polymerase	RNA polymerase II	Embryo	Parasegment 7
1424	SRX671944	dm3	RNA polymerase	RNA polymerase II	Embryo	5-13h embryos
1425	SRX671945	dm3	RNA polymerase	RNA polymerase II	Embryo	5-13h embryos
1426	SRX671946	dm3	TFs and others	Pc	Embryo	Parasegment 7
1427	SRX671948	dm3	TFs and others	Pc	Embryo	5-13h embryos
1428	SRX671953	dm3	TFs and others	Su(z)12	Embryo	5-13h embryos
1429	SRX681770	dm3	TFs and others	ph-d	Embryo	4-12h embryos
1430	SRX681771	dm3	TFs and others	Pc	Embryo	4-12h embryos
1431	SRX681772	dm3	TFs and others	Dsp1	Embryo	4-12h embryos
1432	SRX681773	dm3	Histone	H3K4me3	Embryo	4-12h embryos
1433	SRX681794	dm3	TFs and others	ph-d	Embryo	4-12h embryos
1434	SRX681797	dm3	Histone	H3K4me3	Embryo	4-12h embryos
1435	SRX681817	dm3	TFs and others	pho	Embryo	4-12h embryos
1436	SRX681822	dm3	TFs and others	pho	Embryo	16-18h embryos
1437	SRX681823	dm3	TFs and others	Pc	Embryo	16-18h embryos
1438	SRX681825	dm3	TFs and others	pho	Embryo	16-18h embryos
1439	SRX681826	dm3	TFs and others	Pc	Embryo	16-18h embryos
1440	SRX681828	dm3	TFs and others	pho	Embryo	16-18h embryos
1441	SRX681829	dm3	TFs and others	Pc	Embryo	16-18h embryos
1442	SRX681831	dm3	TFs and others	pho	Embryo	16-18h embryos
1443	SRX681832	dm3	TFs and others	Pc	Embryo	16-18h embryos
1444	SRX683493	dm3	TFs and others	Cp190	Embryo	5-13h embryos
1445	SRX683494	dm3	TFs and others	Cp190	Embryo	5-13h embryos
1446	SRX683495	dm3	TFs and others	Cp190	Embryo	5-13h embryos
1447	SRX699105	dm3	Histone	H2AK118ub	Adult	Temperature sensitive cells
1448	SRX699111	dm3	Histone	H3K27ac	Adult	Temperature sensitive cells
1449	SRX699112	dm3	Histone	H3K27ac	Adult	Temperature sensitive cells
1450	SRX699113	dm3	Histone	H3K4me1	Adult	Temperature sensitive cells
1451	SRX699114	dm3	Histone	H3K4me1	Adult	Temperature sensitive cells
1452	SRX699115	dm3	TFs and others	Pc	Adult	Temperature sensitive cells
1453	SRX699116	dm3	Histone	H2AK118ub	Adult	Temperature sensitive cells
1454	SRX699117	dm3	Histone	H2AK118ub	Adult	Temperature sensitive cells
1455	SRX699545	dm3	TFs and others	msl-1	Larvae	3rd instar
1456	SRX706810	dm3	TFs and others	SuUR	Adult	Egg chamber
1457	SRX706814	dm3	TFs and others	SuUR	Adult	Egg chamber
1458	SRX706815	dm3	TFs and others	CDC45L	Adult	Egg chamber
1459	SRX749021	dm3	TFs and others	BEAF-32	Cell line	Kc167
1460	SRX749022	dm3	TFs and others	Cap-H2	Cell line	Kc167
1461	SRX749023	dm3	TFs and others	Cap-H2	Cell line	Kc167
1462	SRX749025	dm3	TFs and others	Cap-H2	Cell line	Kc167
1463	SRX749026	dm3	TFs and others	CBP	Cell line	Kc167
1464	SRX749029	dm3	TFs and others	CBP	Cell line	Kc167
1465	SRX749030	dm3	TFs and others	CBP	Cell line	Kc167
1466	SRX749032	dm3	TFs and others	Chro	Cell line	Kc167
1467	SRX749034	dm3	TFs and others	Chro	Cell line	Kc167
1468	SRX749036	dm3	TFs and others	Cp190	Cell line	Kc167
1469	SRX749037	dm3	TFs and others	Cp190	Cell line	Kc167
1470	SRX749044	dm3	TFs and others	fs(1)h	Cell line	Kc167
1471	SRX749047	dm3	Histone	H3K4me1	Cell line	Kc167
1472	SRX749048	dm3	Histone	H3K4me1	Cell line	Kc167
1473	SRX749049	dm3	Histone	H3K4me1	Cell line	Kc167
1474	SRX749051	dm3	Histone	H3K4me3	Cell line	Kc167
1475	SRX749052	dm3	Histone	H3K4me3	Cell line	Kc167
1476	SRX749059	dm3	TFs and others	l(3)mbt	Cell line	Kc167
1477	SRX749061	dm3	TFs and others	mod(mdg4)	Cell line	Kc167
1478	SRX749065	dm3	TFs and others	Pc	Cell line	Kc167
1479	SRX749070	dm3	RNA polymerase	RNA polymerase II	Cell line	Kc167
1480	SRX749073	dm3	RNA polymerase	RNA polymerase II	Cell line	Kc167
1481	SRX749075	dm3	TFs and others	TfIIIC	Cell line	Kc167
1482	SRX749076	dm3	TFs and others	TfIIIC	Cell line	Kc167
1483	SRX749077	dm3	TFs and others	TfIIIC	Cell line	Kc167
1484	SRX750068	dm3	RNA polymerase	RNA polymerase II	Embryo	Mitotic cycle 12
1485	SRX750071	dm3	RNA polymerase	RNA polymerase II	Embryo	Mitotic cycle 13
1486	SRX750074	dm3	RNA polymerase	RNA polymerase II	Embryo	Mitotic cycle 14
1487	SRX750076	dm3	RNA polymerase	RNA polymerase II	Embryo	Mitotic cycle 14
1488	SRX750078	dm3	RNA polymerase	RNA polymerase II	Embryo	Mitotic cycle 14
1489	SRX750080	dm3	RNA polymerase	RNA polymerase II	Embryo	Mitotic cycle 13
1490	SRX750082	dm3	RNA polymerase	RNA polymerase II	Embryo	Mitotic cycle 13
1491	SRX751567	dm3	Histone	H3K9me2	Larvae	3rd instar
1492	SRX751569	dm3	TFs and others	Su(var)205	Larvae	3rd instar
1493	SRX751570	dm3	TFs and others	Su(var)205	Larvae	3rd instar
1494	SRX760380	dm3	TFs and others	elav	Embryo	10-12h embryos
1495	SRX760381	dm3	TFs and others	elav	Embryo	10-12h embryos
1496	SRX760382	dm3	TFs and others	elav	Embryo	10-12h embryos
1497	SRX760383	dm3	TFs and others	elav	Embryo	10-12h embryos
1498	SRX810428	dm3	Histone	H3K27me3	Cell line	S2
1499	SRX810431	dm3	Histone	H3K27me3	Cell line	S2
1500	SRX811237	dm3	Histone	H3K27me3	Adult	Temperature sensitive cells
1501	SRX811241	dm3	Histone	H3K27ac	Adult	Temperature sensitive cells
1502	SRX811242	dm3	Histone	H3K27ac	Adult	Temperature sensitive cells
1503	SRX811243	dm3	Histone	H3K4me1	Adult	Temperature sensitive cells
1504	SRX811244	dm3	Histone	H3K4me1	Adult	Temperature sensitive cells
1505	SRX826333	dm3	TFs and others	msl-1	Larvae	Salivary glands
1506	SRX826335	dm3	TFs and others	msl-1	Larvae	Salivary glands
1507	SRX849322	dm3	TFs and others	Su(H)	Cell line	S2-DRSC
1508	SRX858991	dm3	TFs and others	vfl	Embryo	Embryos
1509	SRX858993	dm3	TFs and others	vfl	Embryo	Embryos
1510	SRX858995	dm3	TFs and others	vfl	Embryo	Embryos
1511	SRX858997	dm3	TFs and others	vfl	Embryo	Embryos
1512	SRX858999	dm3	TFs and others	dl	Embryo	Embryos
1513	SRX859001	dm3	TFs and others	dl	Embryo	Embryos
1514	SRX859005	dm3	TFs and others	dl	Embryo	Embryos
1515	SRX859007	dm3	RNA polymerase	RpII215	Embryo	Embryos
1516	SRX859009	dm3	RNA polymerase	RpII215	Embryo	Embryos
1517	SRX859011	dm3	RNA polymerase	RpII215	Embryo	Embryos
1518	SRX859013	dm3	RNA polymerase	RpII215	Embryo	Embryos
1519	SRX864527	dm3	TFs and others	E(z)	Cell line	Cultured cell lines
1520	SRX864529	dm3	TFs and others	E(z)	Cell line	Cultured cell lines
1521	SRX864531	dm3	TFs and others	E(z)	Cell line	Cultured cell lines
1522	SRX864533	dm3	TFs and others	E(z)	Cell line	Cultured cell lines
1523	SRX885688	dm3	TFs and others	Scm	Embryo	12-24h embryos
1524	SRX885690	dm3	TFs and others	E(z)	Embryo	12-24h embryos
1525	SRX885694	dm3	TFs and others	Pc	Embryo	12-24h embryos
1526	SRX885696	dm3	TFs and others	Pc	Embryo	12-24h embryos
1527	SRX885700	dm3	TFs and others	Scm	Cell line	S2-DRSC
1528	SRX907134	dm3	TFs and others	Rrp6	Cell line	S2
1529	SRX907135	dm3	TFs and others	Rrp6	Cell line	S2
1530	SRX907136	dm3	TFs and others	Rrp6	Cell line	S2
1531	SRX907137	dm3	TFs and others	Rrp6	Cell line	S2
1532	SRX914952	dm3	Histone	H2A.VS137ph	Adult	Egg chamber
1533	SRX914956	dm3	Histone	H2A.VS137ph	Adult	Egg chamber
1534	SRX914958	dm3	Histone	H2A.VS137ph	Adult	Egg chamber
1535	SRX914959	dm3	Histone	H2A.V	Adult	Egg chamber
1536	SRX914961	dm3	Histone	H2A.V	Adult	Egg chamber
1537	SRX914963	dm3	Histone	H2A.V	Adult	Egg chamber
1538	SRX969909	dm3	TFs and others	Acf	Embryo	0-12h embryos
1539	SRX969912	dm3	TFs and others	Acf	Embryo	0-12h embryos
1540	SRX969913	dm3	TFs and others	Acf	Embryo	0-12h embryos
1541	SRX969916	dm3	TFs and others	Acf	Embryo	0-12h embryos
1542	SRX969917	dm3	TFs and others	Acf	Embryo	0-12h embryos
1543	SRX969921	dm3	TFs and others	Rsf1	Embryo	0-12h embryos
1544	SRX969922	dm3	TFs and others	Rsf1	Embryo	0-12h embryos
1545	SRX969923	dm3	TFs and others	Rsf1	Embryo	0-12h embryos
1546	SRX994740	dm3	TFs and others	Tet	Cell line	ML-DmBG3-c2
1547	SRX994742	dm3	TFs and others	Tet	Cell line	ML-DmBG3-c2
1548	SRX994747	dm3	TFs and others	Pc	Cell line	ML-DmBG3-c2
1549	SRX994748	dm3	TFs and others	Pc	Cell line	ML-DmBG3-c2
1550	SRX994749	dm3	TFs and others	Pc	Cell line	ML-DmBG3-c2
1551	SRX994750	dm3	TFs and others	Pc	Cell line	ML-DmBG3-c2
